Subject,Block,Gender,avg_acc,sd_acc,avg_rt,sd_rt
2002,1,Female,0.233333333333333,0.430183067152076,1594.71428571429,294.69912016932
2002,2,Female,0.5,0.508547627715608,1314.66666666667,354.451823578459
2002,3,Female,0.466666666666667,0.507416263404925,1522.5,303.88098631891
2002,4,Female,0.4,0.49827287912244,1193.58333333333,332.234708474523
2002,5,Female,0.366666666666667,0.490132517853561,1312.36363636364,341.484779375969
2002,6,Female,0.333333333333333,0.479463301485384,1366.8,266.399783116362
2002,7,Female,0.633333333333333,0.490132517853561,1247.73684210526,300.540225095718
2002,8,Female,0.666666666666667,0.479463301485384,1401.9,285.080394939651
2002,9,Female,0.633333333333333,0.490132517853561,1228.84210526316,331.071872552353
2002,10,Female,0.633333333333333,0.490132517853561,1261.47368421053,318.238269997856
2009,1,Female,0.4,0.49827287912244,1034.58333333333,428.329834321282
2009,2,Female,0.3,0.466091599699399,1016.77777777778,366.695301912152
2009,3,Female,0.3,0.466091599699399,952.666666666667,258.798183919439
2009,4,Female,0.4,0.49827287912244,1247.66666666667,394.54469347783
2009,5,Female,0.5,0.508547627715608,920.6,362.077497624078
2009,6,Female,0.433333333333333,0.504006932993731,974.923076923077,353.256625684139
2009,7,Female,0.3,0.466091599699399,1081.55555555556,292.558161359033
2009,8,Female,0.333333333333333,0.479463301485384,1156.2,328.970718048481
2009,9,Female,0.333333333333333,0.479463301485384,995.8,200.854175958579
2009,10,Female,0.466666666666667,0.507416263404925,1130.5,429.37302233337
2020,1,Female,0.0666666666666667,0.253708131702462,1668.5,84.1457069611992
2020,2,Female,0.233333333333333,0.430183067152076,1608.42857142857,242.833178089306
2020,3,Female,0.266666666666667,0.449776445108804,1389.75,216.260920450935
2020,4,Female,0.333333333333333,0.479463301485384,1237.9,385.187818545129
2020,5,Female,0.4,0.49827287912244,1305.66666666667,306.709318509572
2020,6,Female,0.4,0.49827287912244,1129.83333333333,275.352941557272
2020,7,Female,0.566666666666667,0.504006932993731,1278.0,364.281141427881
2020,8,Female,0.6,0.49827287912244,1251.83333333333,324.873052129597
2020,9,Female,0.3,0.466091599699399,1377.22222222222,262.000848175048
2020,10,Female,0.666666666666667,0.479463301485384,1238.0,283.166493706255
2041,1,Female,0.233333333333333,0.430183067152076,1198.57142857143,328.856532621171
2041,2,Female,0.4,0.49827287912244,1103.0,294.68966727729
2041,3,Female,0.333333333333333,0.479463301485384,1057.4,468.523970689986
2041,4,Female,0.4,0.49827287912244,1128.0,301.388604477825
2041,5,Female,0.5,0.508547627715608,1233.6,251.016732510006
2041,6,Female,0.633333333333333,0.490132517853561,1091.10526315789,276.0949705238
2041,7,Female,0.566666666666667,0.504006932993731,904.0,281.332765599743
2041,8,Female,0.8,0.406838102172486,1168.66666666667,325.107563025273
2041,9,Female,0.733333333333333,0.449776445108804,1123.27272727273,263.85821983247
2041,10,Female,0.8,0.406838102172486,1128.41666666667,258.272844718218
2042,1,Female,0.233333333333333,0.430183067152076,1158.28571428571,379.445083547766
2042,2,Female,0.233333333333333,0.430183067152076,1094.85714285714,231.919115621107
2042,3,Female,0.266666666666667,0.449776445108804,1111.125,112.359674387973
2042,4,Female,0.2,0.406838102172486,1199.5,292.012842183353
2042,5,Female,0.433333333333333,0.504006932993731,1344.84615384615,367.102357695563
2042,6,Female,0.266666666666667,0.449776445108804,1170.75,500.112201696494
2042,7,Female,0.266666666666667,0.449776445108804,1090.5,399.424228466069
2042,8,Female,0.4,0.49827287912244,1208.83333333333,297.63395252721
2042,9,Female,0.433333333333333,0.504006932993731,1195.15384615385,355.079297752358
2042,10,Female,0.5,0.508547627715608,1226.46666666667,438.332533042905
2053,1,Male,0.133333333333333,0.34574590364176,1471.5,475.43278529497
2053,2,Male,0.1,0.305128576629365,1424.0,143.062923219121
2053,3,Male,0.2,0.406838102172486,1563.5,204.910468253821
2053,4,Male,0.4,0.49827287912244,1545.58333333333,419.289975235914
2053,5,Male,0.433333333333333,0.504006932993731,1472.38461538462,316.896549487247
2053,6,Male,0.333333333333333,0.479463301485384,1377.6,248.958363319385
2053,7,Male,0.566666666666667,0.504006932993731,1430.11764705882,334.20219971466
2053,8,Male,0.333333333333333,0.479463301485384,1379.1,322.799714305257
2053,9,Male,0.566666666666667,0.504006932993731,1526.58823529412,270.916052224561
2053,10,Male,0.466666666666667,0.507416263404925,1289.78571428571,192.18988149601
2056,1,Female,0.0666666666666667,0.253708131702462,1214.5,533.865619795843
2056,2,Female,0.0666666666666667,0.253708131702462,1089.0,156.977705423414
2056,3,Female,0.0,0.0,,
2056,4,Female,0.0,0.0,,
2056,5,Female,0.2,0.406838102172486,1370.5,202.612684696689
2056,6,Female,0.166666666666667,0.379049021789452,1128.0,485.496137986699
2056,7,Female,0.233333333333333,0.430183067152076,1060.57142857143,414.883058681543
2056,8,Female,0.0666666666666667,0.253708131702462,584.0,0.0
2056,9,Female,0.133333333333333,0.34574590364176,989.5,658.516767693377
2056,10,Female,0.166666666666667,0.379049021789452,620.25,320.746395147319
2057,1,Female,0.1,0.305128576629365,1166.66666666667,273.185529143352
2057,2,Female,0.233333333333333,0.430183067152076,1047.0,308.850017538179
2057,3,Female,0.166666666666667,0.379049021789452,903.0,209.0
2057,4,Female,0.366666666666667,0.490132517853561,1190.54545454545,369.755422850393
2057,5,Female,0.4,0.49827287912244,1213.25,315.704155240889
2057,6,Female,0.333333333333333,0.479463301485384,1201.6,315.924111844038
2057,7,Female,0.3,0.466091599699399,1311.22222222222,422.788593086952
2057,8,Female,0.3,0.466091599699399,1217.22222222222,510.617708706273
2057,9,Female,0.433333333333333,0.504006932993731,1430.84615384615,336.847850459186
2057,10,Female,0.533333333333333,0.507416263404925,1274.3125,487.586535054719
2064,1,Male,0.233333333333333,0.430183067152076,1548.28571428571,184.788811246527
2064,2,Male,0.6,0.49827287912244,1585.72222222222,239.200089896588
2064,3,Male,0.566666666666667,0.504006932993731,1511.94117647059,278.884266002099
2064,4,Male,0.633333333333333,0.490132517853561,1397.89473684211,207.421175051269
2064,5,Male,0.566666666666667,0.504006932993731,1521.41176470588,245.924037769676
2064,6,Male,0.5,0.508547627715608,1411.73333333333,234.109701595112
2064,7,Male,0.6,0.49827287912244,1439.94444444444,307.280188718838
2064,8,Male,0.866666666666667,0.34574590364176,1403.0,257.255981465932
2064,9,Male,0.7,0.466091599699399,1486.42857142857,220.327159340053
2064,10,Male,0.8,0.406838102172486,1356.91666666667,243.368019167727
2065,1,Male,0.233333333333333,0.430183067152076,1418.14285714286,410.146083150637
2065,2,Male,0.3,0.466091599699399,1452.0,346.612175204507
2065,3,Male,0.433333333333333,0.504006932993731,1234.92307692308,293.443197665937
2065,4,Male,0.6,0.49827287912244,1207.38888888889,206.112801465859
2065,5,Male,0.633333333333333,0.490132517853561,1246.52631578947,249.898950338166
2065,6,Male,0.566666666666667,0.504006932993731,1235.47058823529,298.514680888365
2065,7,Male,0.633333333333333,0.490132517853561,1224.57894736842,258.60916796275
2065,8,Male,0.5,0.508547627715608,1223.6,218.324725384657
2065,9,Male,0.7,0.466091599699399,1202.71428571429,258.121898113497
2065,10,Male,0.733333333333333,0.449776445108804,1275.13636363636,249.035529202551
2085,1,Female,0.166666666666667,0.379049021789452,1156.2,337.155305460258
2085,2,Female,0.2,0.406838102172486,1487.33333333333,290.581944839432
2085,3,Female,0.0666666666666667,0.253708131702462,465.5,181.726442764943
2085,4,Female,0.366666666666667,0.490132517853561,1259.54545454545,414.135572883172
2085,5,Female,0.333333333333333,0.479463301485384,1080.8,307.503857247714
2085,6,Female,0.4,0.49827287912244,1367.58333333333,355.968450678972
2085,7,Female,0.3,0.466091599699399,1329.44444444444,371.25163673414
2085,8,Female,0.333333333333333,0.479463301485384,1317.4,344.648033023063
2085,9,Female,0.2,0.406838102172486,1113.16666666667,286.171568585467
2085,10,Female,0.3,0.466091599699399,1401.88888888889,354.492751845663
2100,1,Male,0.133333333333333,0.34574590364176,1396.25,497.052227302792
2100,2,Male,0.1,0.305128576629365,1296.0,240.118720636272
2100,3,Male,0.3,0.466091599699399,1093.77777777778,475.909071613942
2100,4,Male,0.233333333333333,0.430183067152076,1030.0,287.466519789697
2100,5,Male,0.3,0.466091599699399,1288.0,310.878593666402
2100,6,Male,0.333333333333333,0.479463301485384,1408.6,309.649694547457
2100,7,Male,0.3,0.466091599699399,1496.44444444444,338.203012668098
2100,8,Male,0.266666666666667,0.449776445108804,1284.875,269.496587574473
2100,9,Male,0.3,0.466091599699399,1467.33333333333,267.600915544024
2100,10,Male,0.366666666666667,0.490132517853561,1260.54545454545,174.677625147793
2103,1,Male,0.166666666666667,0.379049021789452,1159.8,291.109429596501
2103,2,Male,0.333333333333333,0.479463301485384,1411.9,355.085107169159
2103,3,Male,0.266666666666667,0.449776445108804,1208.875,373.421032960307
2103,4,Male,0.333333333333333,0.479463301485384,1187.3,463.128983713561
2103,5,Male,0.2,0.406838102172486,1209.5,428.33853433937
2103,6,Male,0.3,0.466091599699399,1100.11111111111,309.106957396806
2103,7,Male,0.233333333333333,0.430183067152076,1015.71428571429,378.691041301355
2103,8,Male,0.266666666666667,0.449776445108804,1303.625,276.23692599961
2103,9,Male,0.3,0.466091599699399,1125.33333333333,292.940266948742
2103,10,Male,0.466666666666667,0.507416263404925,1085.28571428571,231.074889149826
2105,1,Female,0.233333333333333,0.430183067152076,1371.42857142857,250.244451915094
2105,2,Female,0.3,0.466091599699399,1327.77777777778,337.702819716455
2105,3,Female,0.433333333333333,0.504006932993731,1203.69230769231,286.039736346597
2105,4,Female,0.5,0.508547627715608,1176.6,245.167231555466
2105,5,Female,0.733333333333333,0.449776445108804,1246.5,302.849129498658
2105,6,Female,0.6,0.49827287912244,1211.5,242.138086515064
2105,7,Female,0.6,0.49827287912244,1186.27777777778,303.046454516088
2105,8,Female,0.766666666666667,0.430183067152076,1333.4347826087,299.637785286738
2105,9,Female,0.766666666666667,0.430183067152076,1270.82608695652,359.634239973427
2105,10,Female,0.8,0.406838102172486,1361.83333333333,312.028101670161
2106,1,Female,0.333333333333333,0.479463301485384,1271.7,204.259121923328
2106,2,Female,0.4,0.49827287912244,1239.16666666667,250.062477041723
2106,3,Female,0.3,0.466091599699399,1208.55555555556,351.98761026175
2106,4,Female,0.5,0.508547627715608,1122.0,346.138494165063
2106,5,Female,0.666666666666667,0.479463301485384,1189.15,397.609339480482
2106,6,Female,0.433333333333333,0.504006932993731,1212.76923076923,384.922319835694
2106,7,Female,0.7,0.466091599699399,1166.04761904762,316.998971006291
2106,8,Female,0.8,0.406838102172486,1245.04166666667,337.695319220134
2106,9,Female,0.733333333333333,0.449776445108804,1149.09090909091,299.182045089434
2106,10,Female,0.866666666666667,0.34574590364176,1158.65384615385,245.370893515542
2112,1,Female,0.466666666666667,0.507416263404925,1253.64285714286,368.906201783442
2112,2,Female,0.333333333333333,0.479463301485384,1100.9,267.472719273491
2112,3,Female,0.533333333333333,0.507416263404925,1073.4375,224.772468287377
2112,4,Female,0.433333333333333,0.504006932993731,1200.30769230769,378.948190085704
2112,5,Female,0.466666666666667,0.507416263404925,1216.92857142857,407.917877158497
2112,6,Female,0.433333333333333,0.504006932993731,1138.15384615385,296.472552454649
2112,7,Female,0.7,0.466091599699399,1061.28571428571,198.789623184195
2112,8,Female,0.566666666666667,0.504006932993731,1213.0,360.986495592287
2112,9,Female,0.8,0.406838102172486,1084.95833333333,392.871643954089
2112,10,Female,0.633333333333333,0.490132517853561,1173.63157894737,354.406108946332
2118,1,Female,0.433333333333333,0.504006932993731,1092.30769230769,392.334972656314
2118,2,Female,0.133333333333333,0.34574590364176,1296.25,609.934081137735
2118,3,Female,0.2,0.406838102172486,1594.5,175.619759708297
2118,4,Female,0.233333333333333,0.430183067152076,1246.0,408.608206802882
2118,5,Female,0.233333333333333,0.430183067152076,1407.57142857143,217.118905320608
2118,6,Female,0.2,0.406838102172486,1532.0,287.051911681494
2118,7,Female,0.133333333333333,0.34574590364176,1506.5,148.52721411692
2118,8,Female,0.3,0.466091599699399,1107.77777777778,461.453079353085
2118,9,Female,0.3,0.466091599699399,1226.0,353.53465176698
2118,10,Female,0.366666666666667,0.490132517853561,1367.0,293.032080155057
2120,1,Female,0.2,0.406838102172486,1255.66666666667,162.139034987466
2120,2,Female,0.4,0.49827287912244,1410.25,218.060093885733
2120,3,Female,0.366666666666667,0.490132517853561,1305.72727272727,191.049255904906
2120,4,Female,0.5,0.508547627715608,1304.53333333333,384.108590796678
2120,5,Female,0.566666666666667,0.504006932993731,1287.35294117647,355.108071785279
2120,6,Female,0.666666666666667,0.479463301485384,1426.0,349.842671406508
2120,7,Female,0.733333333333333,0.449776445108804,1441.72727272727,301.784404566947
2120,8,Female,0.7,0.466091599699399,1427.19047619048,262.067475862156
2120,9,Female,0.666666666666667,0.479463301485384,1309.6,284.176075884764
2120,10,Female,0.866666666666667,0.34574590364176,1358.73076923077,267.047644841486
2121,1,Male,0.333333333333333,0.479463301485384,1421.5,350.699697430405
2121,2,Male,0.433333333333333,0.504006932993731,1515.61538461538,283.243869736998
2121,3,Male,0.333333333333333,0.479463301485384,1382.7,398.627102273123
2121,4,Male,0.5,0.508547627715608,1305.93333333333,235.932940432133
2121,5,Male,0.6,0.49827287912244,1365.72222222222,350.133555284191
2121,6,Male,0.6,0.49827287912244,1415.44444444444,329.513941903065
2121,7,Male,0.633333333333333,0.490132517853561,1295.47368421053,304.728543756762
2121,8,Male,0.6,0.49827287912244,1251.27777777778,302.636999712149
2121,9,Male,0.733333333333333,0.449776445108804,1260.68181818182,314.420765454379
2121,10,Male,0.766666666666667,0.430183067152076,1233.34782608696,219.645087418038
2122,1,Female,0.366666666666667,0.490132517853561,1575.36363636364,254.866346435646
2122,2,Female,0.466666666666667,0.507416263404925,1295.71428571429,317.619614917309
2122,3,Female,0.5,0.508547627715608,1349.73333333333,408.118236835963
2122,4,Female,0.7,0.466091599699399,1506.85714285714,247.948036030594
2122,5,Female,0.6,0.49827287912244,1491.22222222222,282.744856000549
2122,6,Female,0.666666666666667,0.479463301485384,1319.0,250.127335992143
2122,7,Female,0.7,0.466091599699399,1433.04761904762,172.751404101523
2122,8,Female,0.866666666666667,0.34574590364176,1369.30769230769,197.879108393134
2122,9,Female,0.766666666666667,0.430183067152076,1252.26086956522,284.530269581815
2122,10,Female,0.833333333333333,0.379049021789452,1300.24,292.275594830176
2125,1,Male,0.233333333333333,0.430183067152076,1366.71428571429,470.792846974022
2125,2,Male,0.366666666666667,0.490132517853561,1416.72727272727,243.766729029657
2125,3,Male,0.533333333333333,0.507416263404925,1238.125,314.533490532672
2125,4,Male,0.6,0.49827287912244,1179.55555555556,264.700768287563
2125,5,Male,0.466666666666667,0.507416263404925,1194.5,443.455097024403
2125,6,Male,0.733333333333333,0.449776445108804,1453.13636363636,307.966803321481
2125,7,Male,0.8,0.406838102172486,1405.33333333333,315.227132283273
2125,8,Male,0.733333333333333,0.449776445108804,1117.72727272727,236.25897449685
2125,9,Male,0.833333333333333,0.379049021789452,1159.76,261.33141155756
2125,10,Male,0.8,0.406838102172486,1200.79166666667,326.74081992582
2127,1,Male,0.233333333333333,0.430183067152076,1395.28571428571,327.172591703377
2127,2,Male,0.333333333333333,0.479463301485384,1304.2,293.253322421266
2127,3,Male,0.533333333333333,0.507416263404925,1328.0,352.458224474901
2127,4,Male,0.6,0.49827287912244,1274.44444444444,357.058937666207
2127,5,Male,0.666666666666667,0.479463301485384,1300.35,338.583003117404
2127,6,Male,0.8,0.406838102172486,1287.45833333333,266.450089814807
2127,7,Male,0.8,0.406838102172486,1277.5,304.514724424459
2127,8,Male,0.733333333333333,0.449776445108804,1202.31818181818,273.403484557102
2127,9,Male,0.766666666666667,0.430183067152076,1210.52173913043,303.940465098201
2127,10,Male,0.9,0.305128576629365,1197.11111111111,332.126867943948
2129,1,Female,0.133333333333333,0.34574590364176,1143.0,349.91713304724
2129,2,Female,0.366666666666667,0.490132517853561,1154.0,377.74779946414
2129,3,Female,0.466666666666667,0.507416263404925,1049.42857142857,368.252779881035
2129,4,Female,0.533333333333333,0.507416263404925,1127.875,395.579048147565
2129,5,Female,0.466666666666667,0.507416263404925,1287.42857142857,359.320451426282
2129,6,Female,0.533333333333333,0.507416263404925,1266.5,291.822091921317
2129,7,Female,0.433333333333333,0.504006932993731,1285.76923076923,450.748480094711
2129,8,Female,0.333333333333333,0.479463301485384,1139.8,316.445466602594
2129,9,Female,0.5,0.508547627715608,968.933333333333,298.741040909697
2129,10,Female,0.366666666666667,0.490132517853561,990.090909090909,446.138421242882
2131,1,Female,0.166666666666667,0.379049021789452,1046.0,346.141589526598
2131,2,Female,0.233333333333333,0.430183067152076,802.0,322.952524890785
2131,3,Female,0.166666666666667,0.379049021789452,788.8,583.700008566044
2131,4,Female,0.2,0.406838102172486,750.5,505.082864488591
2131,5,Female,0.266666666666667,0.449776445108804,944.25,523.832511400352
2131,6,Female,0.133333333333333,0.34574590364176,1226.5,693.782626860412
2131,7,Female,0.333333333333333,0.479463301485384,811.1,478.337502885428
2131,8,Female,0.433333333333333,0.504006932993731,722.307692307692,385.910262586046
2131,9,Female,0.3,0.466091599699399,671.555555555556,454.482703496819
2131,10,Female,0.1,0.305128576629365,1013.66666666667,775.716657893418
2137,1,Male,0.366666666666667,0.490132517853561,1463.09090909091,458.610609241752
2137,2,Male,0.3,0.466091599699399,1324.0,373.117608804516
2137,3,Male,0.3,0.466091599699399,1319.0,391.35182381075
2137,4,Male,0.5,0.508547627715608,1208.0,334.669773273382
2137,5,Male,0.566666666666667,0.504006932993731,1014.41176470588,270.187217227132
2137,6,Male,0.666666666666667,0.479463301485384,1234.75,307.835033572751
2137,7,Male,0.666666666666667,0.479463301485384,1059.45,304.535967109236
2137,8,Male,0.733333333333333,0.449776445108804,1105.18181818182,270.726295864896
2137,9,Male,0.666666666666667,0.479463301485384,1036.45,357.570526720181
2137,10,Male,0.8,0.406838102172486,1051.75,245.726827825216
2143,1,Female,0.2,0.406838102172486,1215.83333333333,302.745712879087
2143,2,Female,0.433333333333333,0.504006932993731,1343.76923076923,289.529259847243
2143,3,Female,0.366666666666667,0.490132517853561,1373.27272727273,424.593002982642
2143,4,Female,0.366666666666667,0.490132517853561,1220.18181818182,180.78983277929
2143,5,Female,0.533333333333333,0.507416263404925,1398.375,293.175232014348
2143,6,Female,0.566666666666667,0.504006932993731,1496.17647058824,262.050862261059
2143,7,Female,0.533333333333333,0.507416263404925,1277.75,254.035299384423
2143,8,Female,0.5,0.508547627715608,1411.86666666667,316.058508748587
2143,9,Female,0.533333333333333,0.507416263404925,1372.75,382.07756629599
2143,10,Female,0.533333333333333,0.507416263404925,1438.4375,271.989452920513
2145,1,Female,0.333333333333333,0.479463301485384,1342.0,362.285952130511
2145,2,Female,0.133333333333333,0.34574590364176,1091.75,419.922512693314
2145,3,Female,0.133333333333333,0.34574590364176,964.25,135.527057569082
2145,4,Female,0.433333333333333,0.504006932993731,1314.07692307692,437.521325487582
2145,5,Female,0.466666666666667,0.507416263404925,1131.78571428571,298.760304893772
2145,6,Female,0.466666666666667,0.507416263404925,1121.42857142857,385.291041698593
2145,7,Female,0.333333333333333,0.479463301485384,1188.9,353.200745563577
2145,8,Female,0.4,0.49827287912244,1283.75,152.822609583792
2145,9,Female,0.466666666666667,0.507416263404925,1089.71428571429,351.426199402341
2145,10,Female,0.433333333333333,0.504006932993731,1295.61538461538,348.469639629609
2148,1,Male,0.233333333333333,0.430183067152076,1356.71428571429,400.690118955498
2148,2,Male,0.166666666666667,0.379049021789452,1310.8,418.593717105262
2148,3,Male,0.3,0.466091599699399,1525.0,250.011499735512
2148,4,Male,0.266666666666667,0.449776445108804,1355.25,276.28026660311
2148,5,Male,0.3,0.466091599699399,1426.55555555556,248.432642335458
2148,6,Male,0.633333333333333,0.490132517853561,1228.57894736842,339.620755122448
2148,7,Male,0.5,0.508547627715608,1272.86666666667,290.552642554216
2148,8,Male,0.6,0.49827287912244,1319.77777777778,306.441925321538
2148,9,Male,0.733333333333333,0.449776445108804,1166.63636363636,266.601815707486
2148,10,Male,0.566666666666667,0.504006932993731,1225.05882352941,285.684369232077
2149,1,Female,0.333333333333333,0.479463301485384,1384.4,289.346466675814
2149,2,Female,0.433333333333333,0.504006932993731,1220.84615384615,282.664655895122
2149,3,Female,0.433333333333333,0.504006932993731,1247.92307692308,348.864697157905
2149,4,Female,0.266666666666667,0.449776445108804,1238.125,346.398382337034
2149,5,Female,0.533333333333333,0.507416263404925,1178.5,302.92551339672
2149,6,Female,0.566666666666667,0.504006932993731,1307.58823529412,231.492726349968
2149,7,Female,0.633333333333333,0.490132517853561,1189.31578947368,229.627488828605
2149,8,Female,0.633333333333333,0.490132517853561,1254.73684210526,273.786381064034
2149,9,Female,0.8,0.406838102172486,1323.75,268.666635199768
2149,10,Female,0.933333333333333,0.253708131702462,1135.96428571429,257.091492885871
2156,1,Male,0.233333333333333,0.430183067152076,1617.42857142857,313.084044703046
2156,2,Male,0.233333333333333,0.430183067152076,1345.14285714286,267.875237484062
2156,3,Male,0.266666666666667,0.449776445108804,1201.75,279.084088710605
2156,4,Male,0.333333333333333,0.479463301485384,1154.7,348.47733865426
2156,5,Male,0.433333333333333,0.504006932993731,1001.92307692308,156.43500329661
2156,6,Male,0.433333333333333,0.504006932993731,1123.0,282.83652522261
2156,7,Male,0.333333333333333,0.479463301485384,1355.5,328.768493353944
2156,8,Male,0.566666666666667,0.504006932993731,1323.76470588235,394.702820076663
2156,9,Male,0.633333333333333,0.490132517853561,1286.68421052632,279.009767378129
2156,10,Male,0.766666666666667,0.430183067152076,1286.39130434783,258.844941146842
2167,1,Female,0.433333333333333,0.504006932993731,1265.92307692308,356.110343746256
2167,2,Female,0.5,0.508547627715608,1062.66666666667,251.55393249238
2167,3,Female,0.633333333333333,0.490132517853561,1079.57894736842,297.553415520171
2167,4,Female,0.633333333333333,0.490132517853561,1102.42105263158,316.92538830833
2167,5,Female,0.633333333333333,0.490132517853561,1236.42105263158,341.126779265662
2167,6,Female,0.733333333333333,0.449776445108804,1009.13636363636,344.714415333226
2167,7,Female,0.533333333333333,0.507416263404925,1131.625,302.447764084974
2167,8,Female,0.733333333333333,0.449776445108804,1130.0,295.527937604488
2167,9,Female,0.6,0.49827287912244,1232.11111111111,295.288869312525
2167,10,Female,0.633333333333333,0.490132517853561,1098.94736842105,367.355334139125
2175,1,Male,0.1,0.305128576629365,1393.33333333333,411.572998790413
2175,2,Male,0.366666666666667,0.490132517853561,1497.63636363636,288.271494507269
2175,3,Male,0.233333333333333,0.430183067152076,1102.42857142857,384.302770023349
2175,4,Male,0.233333333333333,0.430183067152076,1294.85714285714,406.173373725814
2175,5,Male,0.266666666666667,0.449776445108804,1211.25,429.188187162694
2175,6,Male,0.333333333333333,0.479463301485384,1339.0,482.780603495119
2175,7,Male,0.4,0.49827287912244,1205.41666666667,352.019229416218
2175,8,Male,0.333333333333333,0.479463301485384,1310.0,333.94344165176
2175,9,Male,0.366666666666667,0.490132517853561,1223.0,231.561654856757
2175,10,Male,0.433333333333333,0.504006932993731,1167.30769230769,316.826552079468
2185,1,Female,0.233333333333333,0.430183067152076,1174.0,242.900528337562
2185,2,Female,0.333333333333333,0.479463301485384,1538.0,444.514216745526
2185,3,Female,0.533333333333333,0.507416263404925,1071.4375,327.210425414595
2185,4,Female,0.4,0.49827287912244,989.416666666667,286.576487753851
2185,5,Female,0.466666666666667,0.507416263404925,1301.64285714286,425.628152470938
2185,6,Female,0.666666666666667,0.479463301485384,1200.5,354.633465336877
2185,7,Female,0.5,0.508547627715608,1218.93333333333,302.357514652219
2185,8,Female,0.666666666666667,0.479463301485384,1221.8,301.751134825407
2185,9,Female,0.7,0.466091599699399,1131.09523809524,291.611711829601
2185,10,Female,0.666666666666667,0.479463301485384,1160.3,347.425281630151
2186,1,Female,0.166666666666667,0.379049021789452,1449.6,219.418094057897
2186,2,Female,0.433333333333333,0.504006932993731,1103.84615384615,310.706143634637
2186,3,Female,0.3,0.466091599699399,1243.88888888889,261.551832551621
2186,4,Female,0.333333333333333,0.479463301485384,1092.3,227.00222710606
2186,5,Female,0.4,0.49827287912244,1019.0,237.525501023287
2186,6,Female,0.433333333333333,0.504006932993731,1234.0,342.214844797826
2186,7,Female,0.433333333333333,0.504006932993731,1055.23076923077,205.500670658335
2186,8,Female,0.5,0.508547627715608,1332.66666666667,288.154141951507
2186,9,Female,0.4,0.49827287912244,1205.08333333333,199.366477684295
2186,10,Female,0.6,0.49827287912244,1241.5,272.534779216072
2197,1,Male,0.266666666666667,0.449776445108804,1211.5,325.15710488492
2197,2,Male,0.3,0.466091599699399,1020.0,446.140672882444
2197,3,Male,0.366666666666667,0.490132517853561,1218.63636363636,350.412691758524
2197,4,Male,0.266666666666667,0.449776445108804,1254.875,286.794320276496
2197,5,Male,0.333333333333333,0.479463301485384,1127.1,238.38831533632
2197,6,Male,0.4,0.49827287912244,1151.5,304.38357977454
2197,7,Male,0.233333333333333,0.430183067152076,1060.42857142857,341.205147061049
2197,8,Male,0.433333333333333,0.504006932993731,1011.92307692308,278.424275024785
2197,9,Male,0.533333333333333,0.507416263404925,1182.375,395.18803541268
2197,10,Male,0.533333333333333,0.507416263404925,1322.5625,289.107585222756
2199,1,Female,0.366666666666667,0.490132517853561,1249.18181818182,528.476833585318
2199,2,Female,0.333333333333333,0.479463301485384,1358.0,437.214414726281
2199,3,Female,0.266666666666667,0.449776445108804,1192.625,361.398054188769
2199,4,Female,0.5,0.508547627715608,1397.66666666667,363.572092805081
2199,5,Female,0.533333333333333,0.507416263404925,1295.25,525.607521508841
2199,6,Female,0.433333333333333,0.504006932993731,1193.0,321.309819333303
2199,7,Female,0.566666666666667,0.504006932993731,1323.35294117647,334.968457689763
2199,8,Female,0.433333333333333,0.504006932993731,1285.92307692308,366.865202660428
2199,9,Female,0.766666666666667,0.430183067152076,1327.95652173913,402.43886924384
2199,10,Female,0.533333333333333,0.507416263404925,1225.4375,328.442581232499
2201,1,Male,0.233333333333333,0.430183067152076,1483.42857142857,254.140287467937
2201,2,Male,0.433333333333333,0.504006932993731,1489.84615384615,365.026904522997
2201,3,Male,0.333333333333333,0.479463301485384,1264.6,303.230825170089
2201,4,Male,0.566666666666667,0.504006932993731,1441.41176470588,346.651672941212
2201,5,Male,0.366666666666667,0.490132517853561,1275.18181818182,320.044627569912
2201,6,Male,0.6,0.49827287912244,1347.66666666667,348.111375010592
2201,7,Male,0.633333333333333,0.490132517853561,1296.68421052632,349.030570554051
2201,8,Male,0.533333333333333,0.507416263404925,1340.4375,257.518405491077
2201,9,Male,0.5,0.508547627715608,1310.06666666667,320.455583431434
2201,10,Male,0.6,0.49827287912244,1394.33333333333,366.218514004959
2206,1,Female,0.266666666666667,0.449776445108804,1415.875,258.315110724424
2206,2,Female,0.333333333333333,0.479463301485384,1147.3,237.766014766151
2206,3,Female,0.3,0.466091599699399,1171.66666666667,290.847038836568
2206,4,Female,0.4,0.49827287912244,1039.41666666667,242.155268871904
2206,5,Female,0.5,0.508547627715608,1039.06666666667,251.78660655026
2206,6,Female,0.433333333333333,0.504006932993731,1153.30769230769,399.697674210435
2206,7,Female,0.633333333333333,0.490132517853561,1074.47368421053,382.77326744302
2206,8,Female,0.566666666666667,0.504006932993731,1119.88235294118,232.206772713712
2206,9,Female,0.533333333333333,0.507416263404925,984.9375,222.702931802285
2206,10,Female,0.666666666666667,0.479463301485384,1243.85,356.96414017156
2211,1,Female,0.2,0.406838102172486,1234.66666666667,316.59479886231
2211,2,Female,0.566666666666667,0.504006932993731,1305.35294117647,254.528225639238
2211,3,Female,0.533333333333333,0.507416263404925,1192.125,373.258779758315
2211,4,Female,0.666666666666667,0.479463301485384,1316.85,306.717644027687
2211,5,Female,0.666666666666667,0.479463301485384,1290.6,293.098402732274
2211,6,Female,0.866666666666667,0.34574590364176,1248.53846153846,307.748368739037
2211,7,Female,0.8,0.406838102172486,1296.54166666667,222.354198280027
2211,8,Female,0.9,0.305128576629365,1260.07407407407,272.37868519425
2211,9,Female,0.866666666666667,0.34574590364176,1093.69230769231,251.257281563065
2211,10,Female,1.0,0.0,1207.16666666667,208.540921864161
2218,1,Male,0.266666666666667,0.449776445108804,1202.25,462.259590026457
2218,2,Male,0.5,0.508547627715608,1201.86666666667,391.101350888317
2218,3,Male,0.4,0.49827287912244,1126.33333333333,409.358552179412
2218,4,Male,0.366666666666667,0.490132517853561,1251.90909090909,292.478188774977
2218,5,Male,0.366666666666667,0.490132517853561,1235.54545454545,370.929471365208
2218,6,Male,0.5,0.508547627715608,1172.4,399.188426685945
2218,7,Male,0.366666666666667,0.490132517853561,1186.63636363636,354.723913128865
2218,8,Male,0.633333333333333,0.490132517853561,1122.05263157895,312.866402742308
2218,9,Male,0.566666666666667,0.504006932993731,1165.82352941176,368.946174138945
2218,10,Male,0.733333333333333,0.449776445108804,1074.90909090909,312.148912737084
2219,1,Male,0.366666666666667,0.490132517853561,1098.18181818182,390.158639064117
2219,2,Male,0.4,0.49827287912244,1130.33333333333,327.768303235778
2219,3,Male,0.566666666666667,0.504006932993731,1087.58823529412,273.150841757702
2219,4,Male,0.666666666666667,0.479463301485384,1232.0,366.038680728518
2219,5,Male,0.666666666666667,0.479463301485384,1207.6,255.810661890473
2219,6,Male,0.666666666666667,0.479463301485384,1212.35,303.432690012828
2219,7,Male,0.7,0.466091599699399,1089.42857142857,210.912439516632
2219,8,Male,0.833333333333333,0.379049021789452,1112.56,264.33959849658
2219,9,Male,0.733333333333333,0.449776445108804,1114.59090909091,272.936702777299
2219,10,Male,0.8,0.406838102172486,1046.58333333333,260.66752381341
2221,1,Female,0.2,0.406838102172486,1305.66666666667,235.881043466122
2221,2,Female,0.1,0.305128576629365,1778.66666666667,176.199697313399
2221,3,Female,0.266666666666667,0.449776445108804,1218.625,348.218706931639
2221,4,Female,0.233333333333333,0.430183067152076,1319.85714285714,282.345785973765
2221,5,Female,0.333333333333333,0.479463301485384,1440.7,201.236759398807
2221,6,Female,0.3,0.466091599699399,1168.88888888889,231.024589840803
2221,7,Female,0.266666666666667,0.449776445108804,1340.5,308.905440917721
2221,8,Female,0.333333333333333,0.479463301485384,1223.2,328.892011997184
2221,9,Female,0.366666666666667,0.490132517853561,1264.63636363636,272.965299159902
2221,10,Female,0.266666666666667,0.449776445108804,1234.125,409.098464396322
2224,1,Male,0.133333333333333,0.34574590364176,1614.5,377.205956121233
2224,2,Male,0.166666666666667,0.379049021789452,1461.0,215.733632055829
2224,3,Male,0.133333333333333,0.34574590364176,1436.75,220.873078184433
2224,4,Male,0.333333333333333,0.479463301485384,1411.8,330.751937929991
2224,5,Male,0.4,0.49827287912244,1556.91666666667,256.210658472967
2224,6,Male,0.5,0.508547627715608,1389.13333333333,245.899185691636
2224,7,Male,0.433333333333333,0.504006932993731,1651.07692307692,217.052782189979
2224,8,Male,0.633333333333333,0.490132517853561,1368.94736842105,359.541602241924
2224,9,Male,0.466666666666667,0.507416263404925,1299.64285714286,188.08001862663
2224,10,Male,0.733333333333333,0.449776445108804,1394.86363636364,334.899458324655
2228,1,Male,0.333333333333333,0.479463301485384,1384.0,218.218035714537
2228,2,Male,0.333333333333333,0.479463301485384,1248.7,358.534997516901
2228,3,Male,0.233333333333333,0.430183067152076,1401.85714285714,420.461820926874
2228,4,Male,0.2,0.406838102172486,1373.33333333333,320.189110787151
2228,5,Male,0.266666666666667,0.449776445108804,1337.125,284.21945117914
2228,6,Male,0.333333333333333,0.479463301485384,1368.2,297.096991270902
2228,7,Male,0.166666666666667,0.379049021789452,1231.4,327.034860527131
2228,8,Male,0.333333333333333,0.479463301485384,1137.4,201.128593469728
2228,9,Male,0.366666666666667,0.490132517853561,1190.36363636364,358.643074024098
2228,10,Male,0.333333333333333,0.479463301485384,1151.3,327.113996439569
2241,1,Male,0.433333333333333,0.504006932993731,1275.0,501.042579694248
2241,2,Male,0.366666666666667,0.490132517853561,1191.63636363636,263.910315344919
2241,3,Male,0.533333333333333,0.507416263404925,1148.125,380.954743593864
2241,4,Male,0.633333333333333,0.490132517853561,1259.89473684211,421.353888572545
2241,5,Male,0.566666666666667,0.504006932993731,1135.64705882353,299.834942338379
2241,6,Male,0.6,0.49827287912244,1297.83333333333,375.906160067204
2241,7,Male,0.766666666666667,0.430183067152076,1334.86956521739,367.054034212431
2241,8,Male,0.7,0.466091599699399,1207.95238095238,334.895577186453
2241,9,Male,0.833333333333333,0.379049021789452,1138.44,250.361252326846
2241,10,Male,0.733333333333333,0.449776445108804,1174.86363636364,215.715044722153
2242,1,Male,0.533333333333333,0.507416263404925,1054.4375,310.19348128762
2242,2,Male,0.566666666666667,0.504006932993731,1127.70588235294,259.584948693554
2242,3,Male,0.6,0.49827287912244,1265.38888888889,318.987025162815
2242,4,Male,0.633333333333333,0.490132517853561,1056.68421052632,234.106113791631
2242,5,Male,0.7,0.466091599699399,1178.71428571429,310.603306945876
2242,6,Male,0.733333333333333,0.449776445108804,1086.59090909091,247.048994387157
2242,7,Male,0.9,0.305128576629365,1216.7037037037,289.204587528091
2242,8,Male,0.9,0.305128576629365,1086.96296296296,289.265313600545
2242,9,Male,0.966666666666667,0.182574185835055,1181.27586206897,295.191571762151
2242,10,Male,0.933333333333333,0.253708131702462,1263.21428571429,304.125748498004
2259,1,Male,0.1,0.305128576629365,1619.0,255.007843016641
2259,2,Male,0.366666666666667,0.490132517853561,1233.81818181818,390.291126771239
2259,3,Male,0.4,0.49827287912244,1148.41666666667,256.209594005779
2259,4,Male,0.5,0.508547627715608,1275.4,314.260310661628
2259,5,Male,0.5,0.508547627715608,1332.33333333333,317.410429810334
2259,6,Male,0.633333333333333,0.490132517853561,1252.84210526316,275.429414865405
2259,7,Male,0.533333333333333,0.507416263404925,1335.0,235.613242412221
2259,8,Male,0.566666666666667,0.504006932993731,1412.70588235294,175.38627537021
2259,9,Male,0.533333333333333,0.507416263404925,1199.6875,305.229688103893
2259,10,Male,0.6,0.49827287912244,1224.44444444444,256.264620179133
2273,1,Male,0.0666666666666667,0.253708131702462,1334.0,530.330085889911
2273,2,Male,0.266666666666667,0.449776445108804,1429.625,335.787746521945
2273,3,Male,0.333333333333333,0.479463301485384,1420.0,364.066233290348
2273,4,Male,0.2,0.406838102172486,1338.5,221.869105555505
2273,5,Male,0.166666666666667,0.379049021789452,1252.0,247.857822148102
2273,6,Male,0.266666666666667,0.449776445108804,1275.0,302.703532472663
2273,7,Male,0.1,0.305128576629365,1257.66666666667,237.002812922829
2273,8,Male,0.233333333333333,0.430183067152076,1401.85714285714,250.915941151234
2273,9,Male,0.233333333333333,0.430183067152076,1113.85714285714,176.795011780526
2273,10,Male,0.233333333333333,0.430183067152076,1262.57142857143,311.528948437036
2277,1,Female,0.166666666666667,0.379049021789452,1150.2,164.504407235794
2277,2,Female,0.433333333333333,0.504006932993731,1064.07692307692,311.847842582047
2277,3,Female,0.333333333333333,0.479463301485384,1196.1,280.662094182865
2277,4,Female,0.366666666666667,0.490132517853561,1265.72727272727,321.210239845834
2277,5,Female,0.366666666666667,0.490132517853561,1067.27272727273,234.358311527068
2277,6,Female,0.4,0.49827287912244,1242.25,301.347013801817
2277,7,Female,0.333333333333333,0.479463301485384,1097.9,347.014072721362
2277,8,Female,0.433333333333333,0.504006932993731,1096.23076923077,287.14112495605
2277,9,Female,0.433333333333333,0.504006932993731,1039.61538461538,175.173979451639
2277,10,Female,0.333333333333333,0.479463301485384,1055.5,325.185502615217
2287,1,Female,0.5,0.508547627715608,1167.06666666667,191.203880215658
2287,2,Female,0.533333333333333,0.507416263404925,1113.625,227.899356441976
2287,3,Female,0.633333333333333,0.490132517853561,1182.94736842105,283.579201886686
2287,4,Female,0.6,0.49827287912244,1196.44444444444,274.353833841976
2287,5,Female,0.566666666666667,0.504006932993731,1147.82352941176,290.536623185038
2287,6,Female,0.633333333333333,0.490132517853561,1133.0,180.526698548688
2287,7,Female,0.7,0.466091599699399,1068.0,205.826140225191
2287,8,Female,0.733333333333333,0.449776445108804,1154.68181818182,220.081237460741
2287,9,Female,0.766666666666667,0.430183067152076,1104.5652173913,244.216711900602
2287,10,Female,0.8,0.406838102172486,1162.33333333333,293.287166986284
2295,1,Male,0.233333333333333,0.430183067152076,1123.85714285714,306.690087097398
2295,2,Male,0.333333333333333,0.479463301485384,1383.2,549.899142267622
2295,3,Male,0.233333333333333,0.430183067152076,1168.0,198.535471221979
2295,4,Male,0.266666666666667,0.449776445108804,1549.0,274.968050092058
2295,5,Male,0.433333333333333,0.504006932993731,1414.84615384615,322.41067138921
2295,6,Male,0.566666666666667,0.504006932993731,1327.47058823529,399.010826552216
2295,7,Male,0.633333333333333,0.490132517853561,1403.63157894737,396.671878190739
2295,8,Male,0.666666666666667,0.479463301485384,1187.25,245.088356785015
2295,9,Male,0.7,0.466091599699399,1198.80952380952,372.885051865534
2295,10,Male,0.766666666666667,0.430183067152076,1303.17391304348,325.612102211695
2302,1,Female,0.1,0.305128576629365,1365.66666666667,143.029134561226
2302,2,Female,0.1,0.305128576629365,1056.66666666667,253.050060923394
2302,3,Female,0.233333333333333,0.430183067152076,1361.14285714286,411.356872059379
2302,4,Female,0.433333333333333,0.504006932993731,1263.92307692308,408.009285339289
2302,5,Female,0.4,0.49827287912244,1268.91666666667,369.133249735927
2302,6,Female,0.5,0.508547627715608,1097.46666666667,433.711040517378
2302,7,Female,0.466666666666667,0.507416263404925,1392.28571428571,390.867954994725
2302,8,Female,0.533333333333333,0.507416263404925,1215.0625,278.891010671433
2302,9,Female,0.833333333333333,0.379049021789452,1232.32,267.795276283955
2302,10,Female,0.733333333333333,0.449776445108804,1241.81818181818,321.59596603186
2307,1,Male,0.433333333333333,0.504006932993731,1153.92307692308,309.878594920242
2307,2,Male,0.5,0.508547627715608,1356.33333333333,355.660083841433
2307,3,Male,0.5,0.508547627715608,1345.53333333333,247.756466447733
2307,4,Male,0.566666666666667,0.504006932993731,1199.05882352941,330.700104057331
2307,5,Male,0.633333333333333,0.490132517853561,1171.36842105263,350.150477259629
2307,6,Male,0.933333333333333,0.253708131702462,1154.21428571429,332.692868834823
2307,7,Male,0.9,0.305128576629365,1052.74074074074,278.984365786465
2307,8,Male,0.766666666666667,0.430183067152076,1036.82608695652,282.182347907086
2307,9,Male,0.966666666666667,0.182574185835055,1165.24137931034,300.85231962975
2307,10,Male,0.9,0.305128576629365,1063.55555555556,326.866043290536
2314,1,Male,0.4,0.49827287912244,1086.08333333333,264.214258211824
2314,2,Male,0.466666666666667,0.507416263404925,1264.71428571429,322.196172581819
2314,3,Male,0.4,0.49827287912244,1236.41666666667,209.457506357965
2314,4,Male,0.633333333333333,0.490132517853561,1129.89473684211,297.033274368161
2314,5,Male,0.4,0.49827287912244,1092.66666666667,233.997409983076
2314,6,Male,0.6,0.49827287912244,1091.11111111111,269.842195472681
2314,7,Male,0.6,0.49827287912244,1104.61111111111,174.748605612173
2314,8,Male,0.433333333333333,0.504006932993731,1052.0,155.41718051747
2314,9,Male,0.533333333333333,0.507416263404925,1139.3125,230.131764792839
2314,10,Male,0.666666666666667,0.479463301485384,1076.2,269.836129608519
2316,1,Female,0.1,0.305128576629365,1192.66666666667,410.465995343504
2316,2,Female,0.233333333333333,0.430183067152076,1383.71428571429,245.729332318925
2316,3,Female,0.266666666666667,0.449776445108804,1422.125,295.074536588397
2316,4,Female,0.366666666666667,0.490132517853561,1537.45454545455,256.552670473867
2316,5,Female,0.366666666666667,0.490132517853561,1212.54545454545,383.253535831403
2316,6,Female,0.533333333333333,0.507416263404925,1113.375,374.761235099541
2316,7,Female,0.533333333333333,0.507416263404925,1168.25,437.204528796306
2316,8,Female,0.6,0.49827287912244,1030.61111111111,336.262351863907
2316,9,Female,0.4,0.49827287912244,1093.08333333333,420.892441093561
2316,10,Female,0.433333333333333,0.504006932993731,1234.53846153846,365.251195613972
2328,1,Male,0.1,0.305128576629365,674.0,293.092135684327
2328,2,Male,0.233333333333333,0.430183067152076,1147.71428571429,481.662300194412
2328,3,Male,0.233333333333333,0.430183067152076,1059.28571428571,293.807030937946
2328,4,Male,0.3,0.466091599699399,1098.55555555556,342.261636438818
2328,5,Male,0.633333333333333,0.490132517853561,1244.05263157895,288.776821492964
2328,6,Male,0.466666666666667,0.507416263404925,1018.78571428571,149.518806932017
2328,7,Male,0.533333333333333,0.507416263404925,1318.8125,288.650242508126
2328,8,Male,0.6,0.49827287912244,1199.11111111111,277.999130106318
2328,9,Male,0.6,0.49827287912244,1362.5,199.606451033321
2328,10,Male,0.6,0.49827287912244,1319.61111111111,272.891518823418
2332,1,Female,0.366666666666667,0.490132517853561,1316.54545454545,270.185626426116
2332,2,Female,0.533333333333333,0.507416263404925,1027.6875,209.267522165608
2332,3,Female,0.7,0.466091599699399,1165.04761904762,360.968901179932
2332,4,Female,0.666666666666667,0.479463301485384,1014.35,374.575868922368
2332,5,Female,0.6,0.49827287912244,1026.55555555556,332.699691865382
2332,6,Female,0.7,0.466091599699399,1126.95238095238,372.112546978797
2332,7,Female,0.666666666666667,0.479463301485384,919.75,252.980106353299
2332,8,Female,0.766666666666667,0.430183067152076,1074.39130434783,321.304972534653
2332,9,Female,0.8,0.406838102172486,1106.70833333333,266.385545887856
2332,10,Female,0.7,0.466091599699399,1089.61904761905,295.95970607339
2353,1,Female,0.2,0.406838102172486,1264.0,404.558030448043
2353,2,Female,0.3,0.466091599699399,1280.44444444444,403.274134774074
2353,3,Female,0.3,0.466091599699399,1442.66666666667,419.215338459842
2353,4,Female,0.5,0.508547627715608,1384.8,370.072618356375
2353,5,Female,0.466666666666667,0.507416263404925,1378.14285714286,297.938779757715
2353,6,Female,0.366666666666667,0.490132517853561,1308.0,275.190479486482
2353,7,Female,0.6,0.49827287912244,1290.0,348.215619476006
2353,8,Female,0.733333333333333,0.449776445108804,1377.0,266.519542748119
2353,9,Female,0.8,0.406838102172486,1307.5,331.284063055835
2353,10,Female,0.733333333333333,0.449776445108804,1182.54545454545,311.075511774833
2364,1,Male,0.0666666666666667,0.253708131702462,1300.5,620.132647100602
2364,2,Male,0.0666666666666667,0.253708131702462,1063.5,156.270598642227
2364,3,Male,0.333333333333333,0.479463301485384,1305.7,521.881010278099
2364,4,Male,0.233333333333333,0.430183067152076,1525.85714285714,196.939439567454
2364,5,Male,0.266666666666667,0.449776445108804,1223.75,181.896948847417
2364,6,Male,0.0666666666666667,0.253708131702462,1159.0,305.470129472589
2364,7,Male,0.3,0.466091599699399,1200.55555555556,307.355295672253
2364,8,Male,0.2,0.406838102172486,1283.66666666667,389.462535639395
2364,9,Male,0.3,0.466091599699399,1313.0,330.424348376448
2364,10,Male,0.266666666666667,0.449776445108804,1236.5,497.339493131776
2385,1,Female,0.233333333333333,0.430183067152076,1166.57142857143,217.105087567332
2385,2,Female,0.6,0.49827287912244,1364.5,322.781523270317
2385,3,Female,0.866666666666667,0.34574590364176,1271.80769230769,322.332749714424
2385,4,Female,0.666666666666667,0.479463301485384,1170.5,338.69136703681
2385,5,Female,0.733333333333333,0.449776445108804,1206.45454545455,354.135127192557
2385,6,Female,0.866666666666667,0.34574590364176,1153.23076923077,281.914782541435
2385,7,Female,0.9,0.305128576629365,1060.11111111111,321.949032437092
2385,8,Female,0.966666666666667,0.182574185835055,1026.68965517241,291.175830954459
2385,9,Female,0.933333333333333,0.253708131702462,994.5,253.969158232517
2385,10,Female,0.9,0.305128576629365,1074.2962962963,214.928577549132
2388,1,Female,0.2,0.406838102172486,1655.33333333333,128.933574629212
2388,2,Female,0.233333333333333,0.430183067152076,1214.14285714286,471.587188323089
2388,3,Female,0.0666666666666667,0.253708131702462,1034.5,122.329473145273
2388,4,Female,0.333333333333333,0.479463301485384,1566.7,284.580802819398
2388,5,Female,0.3,0.466091599699399,1376.0,215.546978638069
2388,6,Female,0.4,0.49827287912244,1498.25,285.844243982946
2388,7,Female,0.4,0.49827287912244,1611.41666666667,242.577244804556
2388,8,Female,0.566666666666667,0.504006932993731,1534.41176470588,254.318466401756
2388,9,Female,0.7,0.466091599699399,1455.52380952381,223.581219928602
2388,10,Female,0.6,0.49827287912244,1439.61111111111,187.702248220228
2397,1,Male,0.4,0.49827287912244,1358.66666666667,361.592018549619
2397,2,Male,0.333333333333333,0.479463301485384,1218.4,351.982385922932
2397,3,Male,0.4,0.49827287912244,1251.58333333333,353.30657774628
2397,4,Male,0.333333333333333,0.479463301485384,1265.2,504.449931443482
2397,5,Male,0.6,0.49827287912244,1231.33333333333,405.939868047705
2397,6,Male,0.5,0.508547627715608,1244.53333333333,274.905663472988
2397,7,Male,0.7,0.466091599699399,1216.90476190476,339.46073480771
2397,8,Male,0.7,0.466091599699399,1234.57142857143,313.639533769034
2397,9,Male,0.766666666666667,0.430183067152076,1162.78260869565,336.284911201761
2397,10,Male,0.8,0.406838102172486,1127.625,337.400524792767
2406,1,Male,0.333333333333333,0.479463301485384,1252.9,354.679965289524
2406,2,Male,0.466666666666667,0.507416263404925,1228.35714285714,396.207716917597
2406,3,Male,0.433333333333333,0.504006932993731,1295.84615384615,345.890841681266
2406,4,Male,0.4,0.49827287912244,1089.58333333333,426.002231819449
2406,5,Male,0.333333333333333,0.479463301485384,940.5,179.236188062319
2406,6,Male,0.266666666666667,0.449776445108804,1016.375,393.726133063508
2406,7,Male,0.433333333333333,0.504006932993731,1222.15384615385,341.53009778394
2406,8,Male,0.433333333333333,0.504006932993731,1389.61538461538,339.796885031224
2406,9,Male,0.533333333333333,0.507416263404925,1067.0,296.822730486284
2406,10,Male,0.433333333333333,0.504006932993731,1214.92307692308,398.350444863661
2407,1,Male,0.166666666666667,0.379049021789452,1429.8,134.869195889944
2407,2,Male,0.166666666666667,0.379049021789452,1235.4,289.051552495398
2407,3,Male,0.2,0.406838102172486,1228.0,375.181022974244
2407,4,Male,0.133333333333333,0.34574590364176,1221.0,422.974388507547
2407,5,Male,0.2,0.406838102172486,1352.33333333333,220.224128257252
2407,6,Male,0.166666666666667,0.379049021789452,1395.4,348.73098514471
2407,7,Male,0.2,0.406838102172486,1008.83333333333,364.088679673877
2407,8,Male,0.1,0.305128576629365,1347.66666666667,150.48698725582
2407,9,Male,0.2,0.406838102172486,1191.16666666667,183.150666574454
2407,10,Male,0.166666666666667,0.379049021789452,1374.4,418.206647484231
2417,1,Female,0.333333333333333,0.479463301485384,1390.2,322.673829121607
2417,2,Female,0.366666666666667,0.490132517853561,1314.09090909091,279.945514179261
2417,3,Female,0.433333333333333,0.504006932993731,1260.61538461538,251.241430521036
2417,4,Female,0.3,0.466091599699399,1192.33333333333,327.945879681389
2417,5,Female,0.333333333333333,0.479463301485384,1264.9,286.687382972386
2417,6,Female,0.5,0.508547627715608,1279.4,260.903047126706
2417,7,Female,0.4,0.49827287912244,1144.16666666667,279.711160544826
2417,8,Female,0.466666666666667,0.507416263404925,1260.71428571429,294.941566200031
2417,9,Female,0.333333333333333,0.479463301485384,1229.2,241.420702417078
2417,10,Female,0.4,0.49827287912244,1228.75,307.826729597261
2422,1,Male,0.1,0.305128576629365,1482.0,212.110820091762
2422,2,Male,0.233333333333333,0.430183067152076,1232.28571428571,500.417730263332
2422,3,Male,0.5,0.508547627715608,1371.86666666667,333.786686943851
2422,4,Male,0.4,0.49827287912244,1392.75,212.658977964935
2422,5,Male,0.333333333333333,0.479463301485384,1093.6,393.433094693367
2422,6,Male,0.466666666666667,0.507416263404925,1201.64285714286,292.521822234712
2422,7,Male,0.533333333333333,0.507416263404925,1259.5625,312.6862045246
2422,8,Male,0.6,0.49827287912244,1108.94444444444,307.427748034295
2422,9,Male,0.6,0.49827287912244,1213.05555555556,317.416866786032
2422,10,Male,0.6,0.49827287912244,1193.61111111111,288.238899870737
2450,1,Female,0.466666666666667,0.507416263404925,1157.14285714286,327.225130016455
2450,2,Female,0.466666666666667,0.507416263404925,1121.42857142857,502.574099287583
2450,3,Female,0.433333333333333,0.504006932993731,993.615384615385,435.437813865068
2450,4,Female,0.366666666666667,0.490132517853561,1095.63636363636,442.577512471493
2450,5,Female,0.366666666666667,0.490132517853561,1046.27272727273,421.0596373221
2450,6,Female,0.6,0.49827287912244,1084.88888888889,394.294140561391
2450,7,Female,0.766666666666667,0.430183067152076,1120.73913043478,419.869050732304
2450,8,Female,0.833333333333333,0.379049021789452,973.32,379.005136288855
2450,9,Female,0.666666666666667,0.479463301485384,1035.15,369.760986100623
2450,10,Female,0.8,0.406838102172486,960.666666666667,230.121455014458
2452,1,Female,0.233333333333333,0.430183067152076,1185.42857142857,162.162323144493
2452,2,Female,0.133333333333333,0.34574590364176,1350.75,289.666906405731
2452,3,Female,0.4,0.49827287912244,1392.08333333333,266.495252672481
2452,4,Female,0.3,0.466091599699399,1022.66666666667,232.427408022376
2452,5,Female,0.3,0.466091599699399,1224.77777777778,342.752015959709
2452,6,Female,0.466666666666667,0.507416263404925,1209.0,244.212706782113
2452,7,Female,0.366666666666667,0.490132517853561,1246.27272727273,282.212009279935
2452,8,Female,0.533333333333333,0.507416263404925,1020.625,220.477020722493
2452,9,Female,0.466666666666667,0.507416263404925,1000.64285714286,266.215241759474
2452,10,Female,0.5,0.508547627715608,1210.06666666667,251.774975117143
2470,1,Male,0.166666666666667,0.379049021789452,1451.2,518.109254887422
2470,2,Male,0.2,0.406838102172486,1431.83333333333,264.261549731827
2470,3,Male,0.3,0.466091599699399,1369.0,311.01286147039
2470,4,Male,0.366666666666667,0.490132517853561,1451.54545454545,231.642553791985
2470,5,Male,0.466666666666667,0.507416263404925,1303.14285714286,358.468292159176
2470,6,Male,0.466666666666667,0.507416263404925,1263.28571428571,463.507269642008
2470,7,Male,0.5,0.508547627715608,1254.6,377.944402562826
2470,8,Male,0.6,0.49827287912244,1509.05555555556,255.748836400601
2470,9,Male,0.6,0.49827287912244,1401.61111111111,262.90820113154
2470,10,Male,0.633333333333333,0.490132517853561,1366.42105263158,248.638138620382
2480,1,Female,0.266666666666667,0.449776445108804,1175.75,370.179782576752
2480,2,Female,0.4,0.49827287912244,1156.91666666667,359.658792426512
2480,3,Female,0.233333333333333,0.430183067152076,1123.85714285714,375.377333968292
2480,4,Female,0.1,0.305128576629365,1648.33333333333,235.232509091183
2480,5,Female,0.233333333333333,0.430183067152076,1066.57142857143,211.86383767478
2480,6,Female,0.3,0.466091599699399,1169.77777777778,232.621891584701
2480,7,Female,0.3,0.466091599699399,1218.44444444444,304.885679850297
2480,8,Female,0.366666666666667,0.490132517853561,1097.81818181818,187.196056679524
2480,9,Female,0.466666666666667,0.507416263404925,1282.57142857143,253.976896067858
2480,10,Female,0.266666666666667,0.449776445108804,1152.875,247.283780012242
2488,1,Female,0.166666666666667,0.379049021789452,1691.4,215.457188322878
2488,2,Female,0.3,0.466091599699399,1405.33333333333,347.884319853597
2488,3,Female,0.3,0.466091599699399,1109.33333333333,356.383220704904
2488,4,Female,0.466666666666667,0.507416263404925,1154.92857142857,295.195232472893
2488,5,Female,0.466666666666667,0.507416263404925,1293.14285714286,294.962802646461
2488,6,Female,0.466666666666667,0.507416263404925,1450.64285714286,414.697036242281
2488,7,Female,0.533333333333333,0.507416263404925,1241.625,326.690857947795
2488,8,Female,0.5,0.508547627715608,1216.26666666667,389.671192282979
2488,9,Female,0.466666666666667,0.507416263404925,1241.28571428571,274.482289906885
2488,10,Female,0.6,0.49827287912244,1302.33333333333,350.56811035803
2501,1,Male,0.266666666666667,0.449776445108804,1526.5,220.220019850279
2501,2,Male,0.233333333333333,0.430183067152076,1530.0,334.40095693643
2501,3,Male,0.166666666666667,0.379049021789452,1177.4,350.706857646097
2501,4,Male,0.4,0.49827287912244,1467.08333333333,267.266111286905
2501,5,Male,0.3,0.466091599699399,1326.0,263.207617670918
2501,6,Male,0.466666666666667,0.507416263404925,1233.78571428571,402.43454863377
2501,7,Male,0.466666666666667,0.507416263404925,1316.71428571429,385.905015928378
2501,8,Male,0.5,0.508547627715608,1508.4,380.310925428129
2501,9,Male,0.5,0.508547627715608,1369.4,357.377911220841
2501,10,Male,0.7,0.466091599699399,1389.80952380952,239.450959289709
2521,1,Male,0.266666666666667,0.449776445108804,1264.25,403.292786234234
2521,2,Male,0.133333333333333,0.34574590364176,1406.0,118.978989741887
2521,3,Male,0.2,0.406838102172486,1139.83333333333,170.755282983182
2521,4,Male,0.3,0.466091599699399,1156.88888888889,200.132733732169
2521,5,Male,0.5,0.508547627715608,1326.73333333333,321.261234748889
2521,6,Male,0.666666666666667,0.479463301485384,1309.1,273.418495504987
2521,7,Male,0.633333333333333,0.490132517853561,1318.68421052632,272.367205692686
2521,8,Male,0.566666666666667,0.504006932993731,1416.58823529412,315.791081813501
2521,9,Male,0.666666666666667,0.479463301485384,1294.85,388.700300597016
2521,10,Male,0.733333333333333,0.449776445108804,1340.31818181818,363.303937609065
2525,1,Female,0.2,0.406838102172486,882.666666666667,399.275677529532
2525,2,Female,0.366666666666667,0.490132517853561,970.272727272727,446.197734397899
2525,3,Female,0.133333333333333,0.34574590364176,872.75,306.918420214015
2525,4,Female,0.5,0.508547627715608,1083.26666666667,373.7708363359
2525,5,Female,0.533333333333333,0.507416263404925,1103.0625,306.130139809853
2525,6,Female,0.633333333333333,0.490132517853561,1151.57894736842,394.485644829578
2525,7,Female,0.5,0.508547627715608,1000.46666666667,340.277379850755
2525,8,Female,0.666666666666667,0.479463301485384,1135.55,368.397164827081
2525,9,Female,0.666666666666667,0.479463301485384,908.0,304.560943689523
2525,10,Female,0.633333333333333,0.490132517853561,974.736842105263,301.581174277113
2550,1,Female,0.433333333333333,0.504006932993731,1245.38461538462,477.534036912822
2550,2,Female,0.633333333333333,0.490132517853561,1426.15789473684,452.236327495296
2550,3,Female,0.633333333333333,0.490132517853561,1145.84210526316,319.446441895611
2550,4,Female,0.6,0.49827287912244,1090.33333333333,321.350459229575
2550,5,Female,0.5,0.508547627715608,1274.86666666667,361.060712478162
2550,6,Female,0.533333333333333,0.507416263404925,1142.5,383.919435993196
2550,7,Female,0.5,0.508547627715608,1038.4,436.500826377879
2550,8,Female,0.533333333333333,0.507416263404925,961.8125,355.967642490157
2550,9,Female,0.6,0.49827287912244,1114.33333333333,386.31608515186
2550,10,Female,0.766666666666667,0.430183067152076,1301.4347826087,292.184223655829
2553,1,Female,0.166666666666667,0.379049021789452,1082.8,388.916700592813
2553,2,Female,0.366666666666667,0.490132517853561,1375.0,279.121478929874
2553,3,Female,0.5,0.508547627715608,1370.66666666667,262.56146672641
2553,4,Female,0.433333333333333,0.504006932993731,1292.0,266.841401085614
2553,5,Female,0.433333333333333,0.504006932993731,1301.30769230769,408.024383384005
2553,6,Female,0.466666666666667,0.507416263404925,1198.71428571429,365.652089491432
2553,7,Female,0.566666666666667,0.504006932993731,1366.29411764706,337.135314952669
2553,8,Female,0.5,0.508547627715608,1246.66666666667,358.220336558115
2553,9,Female,0.6,0.49827287912244,1394.66666666667,385.987960799755
2553,10,Female,0.566666666666667,0.504006932993731,1342.47058823529,257.048418991213
2554,1,Female,0.333333333333333,0.479463301485384,1350.9,240.002986092535
2554,2,Female,0.4,0.49827287912244,953.5,191.371366719267
2554,3,Female,0.4,0.49827287912244,1260.25,300.857297794758
2554,4,Female,0.566666666666667,0.504006932993731,1162.94117647059,300.754565756747
2554,5,Female,0.7,0.466091599699399,1001.66666666667,257.251303851571
2554,6,Female,0.666666666666667,0.479463301485384,1144.75,397.94020643149
2554,7,Female,0.9,0.305128576629365,1159.62962962963,326.692533425561
2554,8,Female,0.766666666666667,0.430183067152076,1247.95652173913,249.581372822731
2554,9,Female,0.9,0.305128576629365,1183.14814814815,290.364983015899
2554,10,Female,0.866666666666667,0.34574590364176,1148.23076923077,312.319235103099
2563,1,Male,0.4,0.49827287912244,1264.0,288.018307498925
2563,2,Male,0.5,0.508547627715608,993.866666666667,352.695511467787
2563,3,Male,0.4,0.49827287912244,989.666666666667,369.538122853954
2563,4,Male,0.566666666666667,0.504006932993731,1100.88235294118,332.397518483694
2563,5,Male,0.666666666666667,0.479463301485384,1023.75,312.692530165101
2563,6,Male,0.633333333333333,0.490132517853561,1025.78947368421,333.099180916864
2563,7,Male,0.666666666666667,0.479463301485384,1025.9,385.062113923127
2563,8,Male,0.8,0.406838102172486,1115.25,336.737964182447
2563,9,Male,0.733333333333333,0.449776445108804,1011.5,299.219102713332
2563,10,Male,0.7,0.466091599699399,909.666666666667,322.321164885791
2568,1,Female,0.166666666666667,0.379049021789452,1681.2,296.992760854537
2568,2,Female,0.366666666666667,0.490132517853561,1389.63636363636,295.552794853059
2568,3,Female,0.533333333333333,0.507416263404925,1385.625,227.293019397136
2568,4,Female,0.633333333333333,0.490132517853561,1279.10526315789,197.861313589101
2568,5,Female,0.633333333333333,0.490132517853561,1386.89473684211,341.956607828284
2568,6,Female,0.6,0.49827287912244,1255.27777777778,298.761916928072
2568,7,Female,0.833333333333333,0.379049021789452,1400.96,344.85304599689
2568,8,Female,0.9,0.305128576629365,1246.0,288.0620926654
2568,9,Female,0.9,0.305128576629365,1264.51851851852,281.949445873706
2568,10,Female,0.9,0.305128576629365,1259.37037037037,348.184317694406
2572,1,Male,0.0333333333333333,0.182574185835055,1239.0,
2572,2,Male,0.3,0.466091599699399,1308.11111111111,365.416353097547
2572,3,Male,0.5,0.508547627715608,1238.53333333333,393.996893872214
2572,4,Male,0.5,0.508547627715608,1356.33333333333,300.498078593017
2572,5,Male,0.5,0.508547627715608,1310.2,296.341067979834
2572,6,Male,0.8,0.406838102172486,1280.54166666667,276.785111934161
2572,7,Male,0.733333333333333,0.449776445108804,1233.95454545455,271.704579990619
2572,8,Male,0.7,0.466091599699399,1205.80952380952,269.423016657378
2572,9,Male,0.566666666666667,0.504006932993731,1227.58823529412,315.461380129076
2572,10,Male,0.7,0.466091599699399,1225.52380952381,314.619233208591
2577,1,Female,0.133333333333333,0.34574590364176,988.75,518.940828354576
2577,2,Female,0.333333333333333,0.479463301485384,1239.9,422.139642509179
2577,3,Female,0.266666666666667,0.449776445108804,894.5,545.027391185853
2577,4,Female,0.366666666666667,0.490132517853561,1194.90909090909,407.257524066887
2577,5,Female,0.233333333333333,0.430183067152076,1352.42857142857,315.382760648526
2577,6,Female,0.366666666666667,0.490132517853561,1384.54545454545,364.662957712012
2577,7,Female,0.3,0.466091599699399,1206.77777777778,198.882991843054
2577,8,Female,0.433333333333333,0.504006932993731,1243.15384615385,282.343421549551
2577,9,Female,0.433333333333333,0.504006932993731,1114.23076923077,360.744404864477
2577,10,Female,0.466666666666667,0.507416263404925,1346.71428571429,287.912227162117
2579,1,Female,0.266666666666667,0.449776445108804,1303.375,367.953000686617
2579,2,Female,0.333333333333333,0.479463301485384,1320.1,370.414917506181
2579,3,Female,0.233333333333333,0.430183067152076,1376.0,430.263097805672
2579,4,Female,0.333333333333333,0.479463301485384,1020.4,459.526132735307
2579,5,Female,0.4,0.49827287912244,1340.41666666667,405.572425621174
2579,6,Female,0.266666666666667,0.449776445108804,1173.375,447.01771697072
2579,7,Female,0.266666666666667,0.449776445108804,1188.125,416.40448656153
2579,8,Female,0.2,0.406838102172486,1026.16666666667,304.269233848358
2579,9,Female,0.266666666666667,0.449776445108804,1423.875,528.652583055667
2579,10,Female,0.266666666666667,0.449776445108804,1108.625,429.679594083113
2580,1,Male,0.266666666666667,0.449776445108804,1254.0,366.220074350305
2580,2,Male,0.366666666666667,0.490132517853561,1187.90909090909,345.108230717685
2580,3,Male,0.766666666666667,0.430183067152076,1254.69565217391,372.949111174288
2580,4,Male,0.766666666666667,0.430183067152076,1327.69565217391,385.879919473616
2580,5,Male,0.766666666666667,0.430183067152076,1168.60869565217,245.095294849396
2580,6,Male,0.866666666666667,0.34574590364176,1243.30769230769,276.38867838329
2580,7,Male,0.733333333333333,0.449776445108804,1169.59090909091,282.932712695828
2580,8,Male,0.866666666666667,0.34574590364176,1180.96153846154,253.122022869482
2580,9,Male,0.9,0.305128576629365,1132.03703703704,280.843027807005
2580,10,Male,0.8,0.406838102172486,1148.75,270.689016175871
2583,1,Male,0.366666666666667,0.490132517853561,1534.63636363636,207.078860691898
2583,2,Male,0.366666666666667,0.490132517853561,1181.09090909091,263.304559225796
2583,3,Male,0.333333333333333,0.479463301485384,1370.2,325.484527708734
2583,4,Male,0.533333333333333,0.507416263404925,1285.1875,276.844894902061
2583,5,Male,0.4,0.49827287912244,1259.66666666667,167.61499896724
2583,6,Male,0.533333333333333,0.507416263404925,1223.8125,347.32659342469
2583,7,Male,0.733333333333333,0.449776445108804,1270.18181818182,317.165217026986
2583,8,Male,0.533333333333333,0.507416263404925,1353.875,348.809953030778
2583,9,Male,0.466666666666667,0.507416263404925,1298.92857142857,320.260822620399
2583,10,Male,0.633333333333333,0.490132517853561,1243.10526315789,312.38773890024
2584,1,Female,0.2,0.406838102172486,1063.83333333333,215.36612237459
2584,2,Female,0.2,0.406838102172486,1292.5,448.847301428894
2584,3,Female,0.533333333333333,0.507416263404925,1309.8125,345.059457436927
2584,4,Female,0.466666666666667,0.507416263404925,1210.92857142857,363.065042760557
2584,5,Female,0.633333333333333,0.490132517853561,1241.26315789474,345.947465842441
2584,6,Female,0.533333333333333,0.507416263404925,1304.8125,306.848544345035
2584,7,Female,0.533333333333333,0.507416263404925,1284.5625,255.524550353451
2584,8,Female,0.533333333333333,0.507416263404925,1204.4375,256.399679861995
2584,9,Female,0.566666666666667,0.504006932993731,1292.35294117647,199.911211909334
2584,10,Female,0.7,0.466091599699399,1209.28571428571,240.265924104344
2594,1,Female,0.266666666666667,0.449776445108804,1328.0,353.825622911303
2594,2,Female,0.3,0.466091599699399,1131.55555555556,265.69301416819
2594,3,Female,0.3,0.466091599699399,1175.66666666667,265.704252882787
2594,4,Female,0.3,0.466091599699399,1110.22222222222,300.268537220343
2594,5,Female,0.333333333333333,0.479463301485384,1278.7,291.768572673617
2594,6,Female,0.433333333333333,0.504006932993731,1156.84615384615,309.612888985005
2594,7,Female,0.433333333333333,0.504006932993731,1020.0,239.173577135937
2594,8,Female,0.433333333333333,0.504006932993731,1161.46153846154,277.394308817075
2594,9,Female,0.4,0.49827287912244,1057.75,199.079301239024
2594,10,Female,0.4,0.49827287912244,1060.33333333333,267.750675521882
2603,1,Female,0.433333333333333,0.504006932993731,1190.92307692308,324.688173878277
2603,2,Female,0.433333333333333,0.504006932993731,1103.46153846154,353.598787560284
2603,3,Female,0.666666666666667,0.479463301485384,1134.2,346.105490459651
2603,4,Female,0.666666666666667,0.479463301485384,1121.9,321.856113651328
2603,5,Female,0.9,0.305128576629365,1060.15384615385,341.116249077372
2603,6,Female,0.8,0.406838102172486,1047.25,299.669419309954
2603,7,Female,0.733333333333333,0.449776445108804,1057.90909090909,301.327366527141
2603,8,Female,0.766666666666667,0.430183067152076,1006.26086956522,253.575561159571
2603,9,Female,0.8,0.406838102172486,1003.25,231.919448159879
2603,10,Female,0.9,0.305128576629365,1115.59259259259,350.370821060647
2608,1,Female,0.0,0.0,,
2608,2,Female,0.4,0.49827287912244,1413.41666666667,420.971486474135
2608,3,Female,0.4,0.49827287912244,1527.08333333333,201.506804908029
2608,4,Female,0.466666666666667,0.507416263404925,1455.64285714286,244.430140135363
2608,5,Female,0.466666666666667,0.507416263404925,1295.92857142857,223.6317248327
2608,6,Female,0.566666666666667,0.504006932993731,1338.88235294118,231.725830010635
2608,7,Female,0.666666666666667,0.479463301485384,1395.2,276.628879262642
2608,8,Female,0.666666666666667,0.479463301485384,1425.95,223.878603147707
2608,9,Female,0.666666666666667,0.479463301485384,1278.05,165.85614407165
2608,10,Female,0.733333333333333,0.449776445108804,1272.86363636364,313.139143794932
2609,1,Female,0.1,0.305128576629365,1103.66666666667,157.991560956063
2609,2,Female,0.266666666666667,0.449776445108804,1075.625,243.854721094343
2609,3,Female,0.333333333333333,0.479463301485384,1276.4,390.099474493366
2609,4,Female,0.4,0.49827287912244,982.25,292.58289423683
2609,5,Female,0.366666666666667,0.490132517853561,1151.18181818182,313.895466097176
2609,6,Female,0.5,0.508547627715608,1288.8,327.459746708333
2609,7,Female,0.566666666666667,0.504006932993731,1200.23529411765,271.318431324653
2609,8,Female,0.7,0.466091599699399,1313.38095238095,208.453946038562
2609,9,Female,0.733333333333333,0.449776445108804,1224.09090909091,198.214388284362
2609,10,Female,0.8,0.406838102172486,1212.5,263.192936339732
2616,1,Female,0.5,0.508547627715608,1197.6,328.369956864858
2616,2,Female,0.633333333333333,0.490132517853561,1278.63157894737,363.585265947391
2616,3,Female,0.633333333333333,0.490132517853561,1179.26315789474,449.272107859574
2616,4,Female,0.7,0.466091599699399,1248.14285714286,422.148112125861
2616,5,Female,0.933333333333333,0.253708131702462,1195.53571428571,341.765078742137
2616,6,Female,0.933333333333333,0.253708131702462,1156.17857142857,386.964067005503
2616,7,Female,0.9,0.305128576629365,1236.07407407407,356.989326055246
2616,8,Female,0.933333333333333,0.253708131702462,1235.53571428571,316.242579434868
2616,9,Female,0.933333333333333,0.253708131702462,1208.17857142857,320.992679456324
2616,10,Female,0.966666666666667,0.182574185835055,1215.13793103448,317.359161579469
2629,1,Female,0.266666666666667,0.449776445108804,1662.875,233.964244826304
2629,2,Female,0.2,0.406838102172486,1423.83333333333,323.289601853612
2629,3,Female,0.2,0.406838102172486,1336.5,484.436476743855
2629,4,Female,0.4,0.49827287912244,1256.75,304.48529595786
2629,5,Female,0.333333333333333,0.479463301485384,1345.2,381.172110440648
2629,6,Female,0.333333333333333,0.479463301485384,1347.2,277.903580401549
2629,7,Female,0.6,0.49827287912244,1478.11111111111,279.735355793732
2629,8,Female,0.433333333333333,0.504006932993731,1229.84615384615,282.771358213029
2629,9,Female,0.466666666666667,0.507416263404925,1401.5,359.1262366441
2629,10,Female,0.366666666666667,0.490132517853561,1233.81818181818,301.09128787855
2630,1,Female,0.266666666666667,0.449776445108804,1187.25,340.507918934557
2630,2,Female,0.433333333333333,0.504006932993731,1303.0,196.064190169104
2630,3,Female,0.6,0.49827287912244,1244.77777777778,251.455189682577
2630,4,Female,0.666666666666667,0.479463301485384,1308.7,272.699970084726
2630,5,Female,0.7,0.466091599699399,1346.85714285714,352.577975164968
2630,6,Female,0.9,0.305128576629365,1382.66666666667,247.096835580398
2630,7,Female,0.8,0.406838102172486,1198.66666666667,270.460262558455
2630,8,Female,0.8,0.406838102172486,1340.25,257.091465706527
2630,9,Female,0.833333333333333,0.379049021789452,1288.88,404.303549328966
2630,10,Female,0.866666666666667,0.34574590364176,1288.5,311.095130145105
2637,1,Female,0.133333333333333,0.34574590364176,1408.5,394.33107917079
2637,2,Female,0.466666666666667,0.507416263404925,1271.07142857143,429.554951134259
2637,3,Female,0.266666666666667,0.449776445108804,1127.875,333.921905968618
2637,4,Female,0.166666666666667,0.379049021789452,1347.8,268.027423970011
2637,5,Female,0.166666666666667,0.379049021789452,1209.6,410.869565677479
2637,6,Female,0.2,0.406838102172486,1131.83333333333,514.109099964849
2637,7,Female,0.266666666666667,0.449776445108804,1287.875,443.751680077302
2637,8,Female,0.333333333333333,0.479463301485384,1278.1,372.404633579003
2637,9,Female,0.366666666666667,0.490132517853561,1207.36363636364,497.365312969707
2637,10,Female,0.333333333333333,0.479463301485384,1093.9,417.943496978559
2638,1,Female,0.0666666666666667,0.253708131702462,1112.5,583.363094478902
2638,2,Female,0.166666666666667,0.379049021789452,1058.4,397.435906782465
2638,3,Female,0.266666666666667,0.449776445108804,1415.875,431.602475002833
2638,4,Female,0.3,0.466091599699399,1230.0,322.650352549009
2638,5,Female,0.266666666666667,0.449776445108804,1371.125,352.737635198903
2638,6,Female,0.2,0.406838102172486,1379.33333333333,313.581036841622
2638,7,Female,0.366666666666667,0.490132517853561,1104.81818181818,362.539327020344
2638,8,Female,0.266666666666667,0.449776445108804,933.875,306.150027414198
2638,9,Female,0.466666666666667,0.507416263404925,1213.78571428571,423.488657294552
2638,10,Female,0.333333333333333,0.479463301485384,1227.4,519.522473046162
2643,1,Female,0.566666666666667,0.504006932993731,1287.41176470588,316.915812721519
2643,2,Female,0.366666666666667,0.490132517853561,1223.72727272727,356.836963026279
2643,3,Female,0.266666666666667,0.449776445108804,1235.625,473.33465584993
2643,4,Female,0.366666666666667,0.490132517853561,1331.36363636364,346.933501618761
2643,5,Female,0.366666666666667,0.490132517853561,1184.54545454545,241.951798355112
2643,6,Female,0.533333333333333,0.507416263404925,1152.6875,395.776152010199
2643,7,Female,0.6,0.49827287912244,1275.11111111111,355.917024184816
2643,8,Female,0.633333333333333,0.490132517853561,1294.36842105263,389.067719116453
2643,9,Female,0.6,0.49827287912244,1284.16666666667,363.529309442209
2643,10,Female,0.533333333333333,0.507416263404925,1223.0,355.855401345359
2646,1,Female,0.433333333333333,0.504006932993731,1051.61538461538,481.484776232426
2646,2,Female,0.666666666666667,0.479463301485384,1136.4,347.943794614197
2646,3,Female,0.8,0.406838102172486,1251.625,429.395612915764
2646,4,Female,0.766666666666667,0.430183067152076,1121.0,315.429433111001
2646,5,Female,0.8,0.406838102172486,1147.70833333333,343.143204883866
2646,6,Female,0.833333333333333,0.379049021789452,1068.52,333.268300322728
2646,7,Female,0.933333333333333,0.253708131702462,1109.39285714286,304.077882236786
2646,8,Female,0.966666666666667,0.182574185835055,1125.0,332.895629289422
2646,9,Female,0.966666666666667,0.182574185835055,1088.37931034483,296.575263128109
2646,10,Female,0.966666666666667,0.182574185835055,1153.44827586207,291.783259361036
2648,1,Female,0.266666666666667,0.449776445108804,1414.625,295.529518709335
2648,2,Female,0.366666666666667,0.490132517853561,1340.81818181818,348.507910435852
2648,3,Female,0.633333333333333,0.490132517853561,1325.26315789474,282.787285999224
2648,4,Female,0.6,0.49827287912244,1256.05555555556,332.688950685917
2648,5,Female,0.566666666666667,0.504006932993731,1184.94117647059,350.396644994682
2648,6,Female,0.666666666666667,0.479463301485384,1193.3,328.877692831401
2648,7,Female,0.6,0.49827287912244,1051.0,252.200900310937
2648,8,Female,0.8,0.406838102172486,1267.95833333333,338.418634388606
2648,9,Female,0.666666666666667,0.479463301485384,1050.45,238.654225761213
2648,10,Female,0.733333333333333,0.449776445108804,1141.59090909091,239.598604632814
2653,1,Female,0.366666666666667,0.490132517853561,1281.09090909091,379.277590834327
2653,2,Female,0.4,0.49827287912244,1232.16666666667,309.683954242307
2653,3,Female,0.6,0.49827287912244,1380.5,348.034354288059
2653,4,Female,0.7,0.466091599699399,1148.7619047619,262.862303261975
2653,5,Female,0.766666666666667,0.430183067152076,1078.82608695652,281.887252150396
2653,6,Female,0.9,0.305128576629365,1029.48148148148,328.988703379868
2653,7,Female,1.0,0.0,978.233333333333,207.373839226172
2653,8,Female,0.966666666666667,0.182574185835055,1161.48275862069,290.813958778958
2653,9,Female,0.966666666666667,0.182574185835055,1042.8275862069,197.265786796378
2653,10,Female,0.9,0.305128576629365,1091.33333333333,202.691884395996
2700,1,Female,0.266666666666667,0.449776445108804,1502.125,264.163065169982
2700,2,Female,0.433333333333333,0.504006932993731,1339.23076923077,179.686835840467
2700,3,Female,0.633333333333333,0.490132517853561,1338.57894736842,243.770683632857
2700,4,Female,0.566666666666667,0.504006932993731,1292.17647058824,347.60578161441
2700,5,Female,0.466666666666667,0.507416263404925,1311.35714285714,297.24545856474
2700,6,Female,0.633333333333333,0.490132517853561,1355.0,352.279245296493
2700,7,Female,0.7,0.466091599699399,1317.66666666667,258.242005361896
2700,8,Female,0.666666666666667,0.479463301485384,1226.4,300.838372412479
2700,9,Female,0.633333333333333,0.490132517853561,1137.63157894737,308.361297925793
2700,10,Female,0.766666666666667,0.430183067152076,1183.60869565217,217.620549483068
2707,1,Female,0.4,0.49827287912244,1362.75,293.68230361148
2707,2,Female,0.533333333333333,0.507416263404925,1286.25,348.858806204841
2707,3,Female,0.5,0.508547627715608,1312.73333333333,333.123414853729
2707,4,Female,0.4,0.49827287912244,1241.75,368.840474262987
2707,5,Female,0.6,0.49827287912244,1301.55555555556,310.034006146617
2707,6,Female,0.666666666666667,0.479463301485384,1396.2,315.488193122976
2707,7,Female,0.933333333333333,0.253708131702462,1254.14285714286,275.771740593653
2707,8,Female,0.866666666666667,0.34574590364176,1263.80769230769,247.568660250973
2707,9,Female,1.0,0.0,1360.2,299.055224977272
2707,10,Female,0.833333333333333,0.379049021789452,1101.8,408.500407996532
2717,1,Male,0.166666666666667,0.379049021789452,1486.4,302.192488324909
2717,2,Male,0.2,0.406838102172486,1472.5,313.491148200392
2717,3,Male,0.166666666666667,0.379049021789452,1616.4,225.701794410235
2717,4,Male,0.133333333333333,0.34574590364176,1765.25,128.829021057628
2717,5,Male,0.266666666666667,0.449776445108804,1462.125,279.471152357448
2717,6,Male,0.3,0.466091599699399,1559.0,211.576818200861
2717,7,Male,0.3,0.466091599699399,1320.33333333333,362.204017095338
2717,8,Male,0.166666666666667,0.379049021789452,1626.0,203.862698893152
2717,9,Male,0.333333333333333,0.479463301485384,1630.5,319.181679368419
2717,10,Male,0.3,0.466091599699399,1463.33333333333,208.932405337229
2718,1,Female,0.233333333333333,0.430183067152076,1384.28571428571,379.637421006638
2718,2,Female,0.633333333333333,0.490132517853561,1296.68421052632,379.938599225304
2718,3,Female,0.633333333333333,0.490132517853561,1254.15789473684,345.472665449959
2718,4,Female,0.7,0.466091599699399,1210.09523809524,350.062409401796
2718,5,Female,0.833333333333333,0.379049021789452,1132.56,287.739042652655
2718,6,Female,0.8,0.406838102172486,1084.33333333333,265.896460179958
2718,7,Female,0.733333333333333,0.449776445108804,991.5,263.151368716073
2718,8,Female,0.9,0.305128576629365,1017.40740740741,204.675777240918
2718,9,Female,0.966666666666667,0.182574185835055,1050.10344827586,286.214123743993
2718,10,Female,0.9,0.305128576629365,1063.33333333333,209.086474565319
2738,1,Male,0.0333333333333333,0.182574185835055,1566.0,
2738,2,Male,0.166666666666667,0.379049021789452,1009.8,177.736321555275
2738,3,Male,0.4,0.49827287912244,1414.75,392.380410269978
2738,4,Male,0.366666666666667,0.490132517853561,1437.18181818182,275.323016902626
2738,5,Male,0.433333333333333,0.504006932993731,1425.69230769231,398.245189260625
2738,6,Male,0.5,0.508547627715608,1266.0,322.890959038143
2738,7,Male,0.333333333333333,0.479463301485384,1225.3,412.241582354597
2738,8,Male,0.4,0.49827287912244,1257.08333333333,301.661296620544
2738,9,Male,0.433333333333333,0.504006932993731,1183.84615384615,267.184657167363
2738,10,Male,0.466666666666667,0.507416263404925,1467.57142857143,337.155228865946
2739,1,Female,0.4,0.49827287912244,1358.0,251.010322134732
2739,2,Female,0.366666666666667,0.490132517853561,1093.27272727273,303.473916806401
2739,3,Female,0.5,0.508547627715608,1087.33333333333,354.313756570696
2739,4,Female,0.6,0.49827287912244,1144.38888888889,389.121656296193
2739,5,Female,0.6,0.49827287912244,1009.27777777778,294.855060217639
2739,6,Female,0.666666666666667,0.479463301485384,1202.75,333.397324997951
2739,7,Female,0.7,0.466091599699399,1003.71428571429,306.490153652143
2739,8,Female,0.8,0.406838102172486,1182.91666666667,324.699582445958
2739,9,Female,0.833333333333333,0.379049021789452,1207.72,292.310411492076
2739,10,Female,0.766666666666667,0.430183067152076,1107.60869565217,248.727075532132
2742,1,Female,0.2,0.406838102172486,1353.16666666667,500.831075979383
2742,2,Female,0.2,0.406838102172486,1180.0,220.425951285233
2742,3,Female,0.266666666666667,0.449776445108804,1061.625,301.447430858895
2742,4,Female,0.266666666666667,0.449776445108804,1178.5,280.181063905876
2742,5,Female,0.4,0.49827287912244,1197.16666666667,296.594254015737
2742,6,Female,0.266666666666667,0.449776445108804,1351.25,266.539061731243
2742,7,Female,0.366666666666667,0.490132517853561,1494.0,395.749162980795
2742,8,Female,0.1,0.305128576629365,1201.0,384.664789134644
2742,9,Female,0.266666666666667,0.449776445108804,1272.5,304.492552102205
2742,10,Female,0.533333333333333,0.507416263404925,1232.875,241.629709817867
2743,1,Male,0.2,0.406838102172486,1302.83333333333,253.9160622463
2743,2,Male,0.166666666666667,0.379049021789452,1566.2,208.274338313677
2743,3,Male,0.233333333333333,0.430183067152076,1323.28571428571,379.961276222422
2743,4,Male,0.133333333333333,0.34574590364176,1241.75,354.045547917214
2743,5,Male,0.3,0.466091599699399,1364.11111111111,343.894404012498
2743,6,Male,0.1,0.305128576629365,977.0,134.714512952391
2743,7,Male,0.3,0.466091599699399,1232.77777777778,374.411797950391
2743,8,Male,0.266666666666667,0.449776445108804,1183.625,377.817392589141
2743,9,Male,0.2,0.406838102172486,1139.5,488.406695285804
2743,10,Male,0.233333333333333,0.430183067152076,1325.85714285714,234.161930133422
2745,1,Female,0.2,0.406838102172486,1670.66666666667,230.0092751753
2745,2,Female,0.233333333333333,0.430183067152076,1354.42857142857,344.842407070658
2745,3,Female,0.233333333333333,0.430183067152076,1299.14285714286,335.687567325844
2745,4,Female,0.333333333333333,0.479463301485384,1310.3,319.922230133096
2745,5,Female,0.3,0.466091599699399,1389.77777777778,261.441091728987
2745,6,Female,0.4,0.49827287912244,1451.75,346.706615559506
2745,7,Female,0.533333333333333,0.507416263404925,1340.6875,399.295833311594
2745,8,Female,0.433333333333333,0.504006932993731,1145.0,322.691028694632
2745,9,Female,0.566666666666667,0.504006932993731,1397.35294117647,463.689004233504
2745,10,Female,0.5,0.508547627715608,1196.4,421.358313756153
2762,1,Female,0.1,0.305128576629365,1138.66666666667,170.848861082927
2762,2,Female,0.0,0.0,,
2762,3,Female,0.466666666666667,0.507416263404925,1383.92857142857,405.189122848486
2762,4,Female,0.433333333333333,0.504006932993731,1418.46153846154,289.516152509843
2762,5,Female,0.533333333333333,0.507416263404925,1224.6875,259.030170379179
2762,6,Female,0.433333333333333,0.504006932993731,1140.69230769231,289.460528286496
2762,7,Female,0.566666666666667,0.504006932993731,1152.58823529412,233.49359167425
2762,8,Female,0.566666666666667,0.504006932993731,1217.17647058824,324.245515638636
2762,9,Female,0.566666666666667,0.504006932993731,1167.29411764706,262.932920320441
2762,10,Female,0.833333333333333,0.379049021789452,1238.84,338.241738011933
2770,1,Female,0.2,0.406838102172486,1318.33333333333,350.718500605067
2770,2,Female,0.4,0.49827287912244,1113.25,335.137726098608
2770,3,Female,0.3,0.466091599699399,1107.33333333333,384.322781005758
2770,4,Female,0.3,0.466091599699399,1089.88888888889,375.688183353045
2770,5,Female,0.433333333333333,0.504006932993731,1017.38461538462,362.567129062913
2770,6,Female,0.433333333333333,0.504006932993731,936.692307692308,359.718497489214
2770,7,Female,0.433333333333333,0.504006932993731,1092.46153846154,406.173529291897
2770,8,Female,0.4,0.49827287912244,1062.16666666667,422.494504177991
2770,9,Female,0.566666666666667,0.504006932993731,1076.23529411765,335.697320776426
2770,10,Female,0.533333333333333,0.507416263404925,948.5625,424.850870894718
2774,1,Female,0.4,0.49827287912244,1291.33333333333,366.326564031537
2774,2,Female,0.3,0.466091599699399,1114.77777777778,382.213545605653
2774,3,Female,0.633333333333333,0.490132517853561,1260.15789473684,312.614647975195
2774,4,Female,0.6,0.49827287912244,1144.83333333333,434.701689464775
2774,5,Female,0.533333333333333,0.507416263404925,1112.9375,279.151444858641
2774,6,Female,0.7,0.466091599699399,1135.28571428571,345.249350883842
2774,7,Female,0.733333333333333,0.449776445108804,1094.59090909091,330.323889984319
2774,8,Female,0.7,0.466091599699399,1057.2380952381,351.372438412848
2774,9,Female,0.9,0.305128576629365,1192.59259259259,313.953237485514
2774,10,Female,0.933333333333333,0.253708131702462,1302.96428571429,337.921038568004
2778,1,Male,0.266666666666667,0.449776445108804,1379.375,357.567551060535
2778,2,Male,0.366666666666667,0.490132517853561,1657.36363636364,292.44906316392
2778,3,Male,0.366666666666667,0.490132517853561,1352.54545454545,339.76149388545
2778,4,Male,0.566666666666667,0.504006932993731,1467.29411764706,384.750205442746
2778,5,Male,0.366666666666667,0.490132517853561,1480.09090909091,233.713694312274
2778,6,Male,0.5,0.508547627715608,1174.8,457.326266778669
2778,7,Male,0.466666666666667,0.507416263404925,1403.78571428571,300.654971833017
2778,8,Male,0.633333333333333,0.490132517853561,1236.05263157895,254.576876335837
2778,9,Male,0.833333333333333,0.379049021789452,1287.36,288.707447080951
2778,10,Male,0.9,0.305128576629365,1237.37037037037,288.297942593602
2780,1,Female,0.0,0.0,,
2780,2,Female,0.0,0.0,,
2780,3,Female,0.0,0.0,,
2780,4,Female,0.0,0.0,,
2780,5,Female,0.0,0.0,,
2780,6,Female,0.2,0.406838102172486,1278.66666666667,505.35439709838
2780,7,Female,0.166666666666667,0.379049021789452,1008.4,471.087359202091
2780,8,Female,0.0333333333333333,0.182574185835055,572.0,
2780,9,Female,0.266666666666667,0.449776445108804,1332.5,386.482673793868
2780,10,Female,0.4,0.49827287912244,1380.08333333333,378.588877119743
2798,1,Male,0.433333333333333,0.504006932993731,1466.15384615385,369.608542053582
2798,2,Male,0.5,0.508547627715608,1381.86666666667,371.863620674236
2798,3,Male,0.6,0.49827287912244,1240.72222222222,396.096513128326
2798,4,Male,0.666666666666667,0.479463301485384,1223.3,361.711589093038
2798,5,Male,0.666666666666667,0.479463301485384,1303.65,361.814473394715
2798,6,Male,0.833333333333333,0.379049021789452,1354.16,345.308519056992
2798,7,Male,0.866666666666667,0.34574590364176,1448.96153846154,272.949003408216
2798,8,Male,0.766666666666667,0.430183067152076,1301.34782608696,330.362969625236
2798,9,Male,0.866666666666667,0.34574590364176,1265.5,280.653843729246
2798,10,Male,0.833333333333333,0.379049021789452,1310.44,263.879877974809
2801,1,Female,0.466666666666667,0.507416263404925,1401.14285714286,303.085887076675
2801,2,Female,0.5,0.508547627715608,1394.2,360.661535039631
2801,3,Female,0.6,0.49827287912244,1266.77777777778,319.131091551374
2801,4,Female,0.533333333333333,0.507416263404925,1334.875,272.488011968723
2801,5,Female,0.633333333333333,0.490132517853561,1322.36842105263,284.113085960564
2801,6,Female,0.833333333333333,0.379049021789452,1471.04,218.286982357324
2801,7,Female,0.9,0.305128576629365,1222.74074074074,211.713992959405
2801,8,Female,0.933333333333333,0.253708131702462,1280.25,255.603516030996
2801,9,Female,0.666666666666667,0.479463301485384,1374.25,235.732871789458
2801,10,Female,0.966666666666667,0.182574185835055,1341.58620689655,196.175853552983
2808,1,Female,0.2,0.406838102172486,1381.0,367.475713483218
2808,2,Female,0.5,0.508547627715608,1380.33333333333,311.62492717704
2808,3,Female,0.4,0.49827287912244,1289.5,308.859044049076
2808,4,Female,0.466666666666667,0.507416263404925,1240.07142857143,300.985423691456
2808,5,Female,0.4,0.49827287912244,1479.58333333333,282.26597976613
2808,6,Female,0.666666666666667,0.479463301485384,1329.75,345.957842731406
2808,7,Female,0.566666666666667,0.504006932993731,1309.58823529412,278.288532557382
2808,8,Female,0.566666666666667,0.504006932993731,1451.0,319.384955813514
2808,9,Female,0.633333333333333,0.490132517853561,1507.57894736842,315.489446167815
2808,10,Female,0.633333333333333,0.490132517853561,1368.94736842105,302.971299279543
2812,1,Female,0.166666666666667,0.379049021789452,1478.2,98.6519133114001
2812,2,Female,0.3,0.466091599699399,1528.66666666667,250.136962482557
2812,3,Female,0.433333333333333,0.504006932993731,1474.84615384615,298.959541898745
2812,4,Female,0.566666666666667,0.504006932993731,1319.82352941176,331.967851473248
2812,5,Female,0.533333333333333,0.507416263404925,1404.0625,330.929291289443
2812,6,Female,0.6,0.49827287912244,1198.66666666667,422.325494766077
2812,7,Female,0.366666666666667,0.490132517853561,1349.27272727273,443.19839596034
2812,8,Female,0.6,0.49827287912244,1370.16666666667,262.384148104398
2812,9,Female,0.833333333333333,0.379049021789452,1325.8,268.958330105861
2812,10,Female,0.7,0.466091599699399,1401.28571428571,350.110717182028
2813,1,Female,0.366666666666667,0.490132517853561,1344.0,282.228985045831
2813,2,Female,0.533333333333333,0.507416263404925,1325.0,296.287923029835
2813,3,Female,0.633333333333333,0.490132517853561,1265.31578947368,352.084909681927
2813,4,Female,0.833333333333333,0.379049021789452,1418.8,401.604075344528
2813,5,Female,0.766666666666667,0.430183067152076,1317.86956521739,327.144019487085
2813,6,Female,0.933333333333333,0.253708131702462,1224.35714285714,310.280424453335
2813,7,Female,0.833333333333333,0.379049021789452,1268.64,311.229400924784
2813,8,Female,0.933333333333333,0.253708131702462,1220.0,352.14043915587
2813,9,Female,0.966666666666667,0.182574185835055,1222.10344827586,282.462936232044
2813,10,Female,0.966666666666667,0.182574185835055,1125.41379310345,225.674151510753
2820,1,Female,0.266666666666667,0.449776445108804,1204.0,294.96198302251
2820,2,Female,0.266666666666667,0.449776445108804,1214.25,180.754569197335
2820,3,Female,0.5,0.508547627715608,1308.13333333333,237.941129173544
2820,4,Female,0.433333333333333,0.504006932993731,1430.84615384615,297.941226350054
2820,5,Female,0.433333333333333,0.504006932993731,1194.76923076923,183.875480441772
2820,6,Female,0.466666666666667,0.507416263404925,1374.78571428571,259.229087450116
2820,7,Female,0.5,0.508547627715608,1306.33333333333,380.359729479244
2820,8,Female,0.7,0.466091599699399,1319.80952380952,284.870781065314
2820,9,Female,0.6,0.49827287912244,1303.38888888889,345.108531758939
2820,10,Female,0.766666666666667,0.430183067152076,1301.5652173913,251.653229317819
2823,1,Female,0.3,0.466091599699399,1196.77777777778,254.599576677662
2823,2,Female,0.4,0.49827287912244,1207.66666666667,386.972240802251
2823,3,Female,0.333333333333333,0.479463301485384,1407.1,282.647975010927
2823,4,Female,0.366666666666667,0.490132517853561,1360.81818181818,419.872318254447
2823,5,Female,0.4,0.49827287912244,1326.16666666667,326.819058455435
2823,6,Female,0.433333333333333,0.504006932993731,1308.46153846154,243.639971879484
2823,7,Female,0.7,0.466091599699399,1189.2380952381,334.55969643128
2823,8,Female,0.666666666666667,0.479463301485384,1274.0,328.595576098612
2823,9,Female,0.4,0.49827287912244,1136.66666666667,317.256229492055
2823,10,Female,0.766666666666667,0.430183067152076,1185.65217391304,411.413926565852
2826,1,Male,0.3,0.466091599699399,1269.33333333333,330.254825854218
2826,2,Male,0.2,0.406838102172486,1265.83333333333,409.727429722086
2826,3,Male,0.266666666666667,0.449776445108804,1165.0,318.7883310286
2826,4,Male,0.233333333333333,0.430183067152076,965.0,445.423768262689
2826,5,Male,0.333333333333333,0.479463301485384,1097.0,344.661186287829
2826,6,Male,0.5,0.508547627715608,1164.53333333333,327.414954424737
2826,7,Male,0.5,0.508547627715608,1186.4,350.053424494033
2826,8,Male,0.633333333333333,0.490132517853561,1133.63157894737,252.451141703436
2826,9,Male,0.7,0.466091599699399,1173.04761904762,281.190767307619
2826,10,Male,0.7,0.466091599699399,1116.95238095238,260.961391050568
2833,1,Male,0.366666666666667,0.490132517853561,1238.45454545455,157.231907471966
2833,2,Male,0.366666666666667,0.490132517853561,1222.45454545455,337.545067698038
2833,3,Male,0.433333333333333,0.504006932993731,1171.46153846154,290.734018014351
2833,4,Male,0.533333333333333,0.507416263404925,981.0625,187.112610923654
2833,5,Male,0.466666666666667,0.507416263404925,951.0,204.431669983659
2833,6,Male,0.566666666666667,0.504006932993731,1046.0,227.471426777079
2833,7,Male,0.733333333333333,0.449776445108804,1126.45454545455,234.763858513335
2833,8,Male,0.7,0.466091599699399,1114.90476190476,275.244237861922
2833,9,Male,0.533333333333333,0.507416263404925,975.75,150.001111106996
2833,10,Male,0.733333333333333,0.449776445108804,1015.36363636364,264.145260443413
2841,1,Female,0.233333333333333,0.430183067152076,1406.85714285714,328.868985347979
2841,2,Female,0.333333333333333,0.479463301485384,1427.8,217.390994395914
2841,3,Female,0.366666666666667,0.490132517853561,1224.18181818182,429.084797722273
2841,4,Female,0.333333333333333,0.479463301485384,1118.9,370.067996754951
2841,5,Female,0.266666666666667,0.449776445108804,1133.375,160.303228289389
2841,6,Female,0.433333333333333,0.504006932993731,1338.15384615385,408.253158010616
2841,7,Female,0.6,0.49827287912244,1139.72222222222,282.796082333201
2841,8,Female,0.533333333333333,0.507416263404925,1234.75,406.231379060423
2841,9,Female,0.366666666666667,0.490132517853561,1213.27272727273,417.488704256556
2841,10,Female,0.5,0.508547627715608,1503.8,322.509844810976
2842,1,Female,0.2,0.406838102172486,1521.33333333333,418.686358347948
2842,2,Female,0.5,0.508547627715608,1194.2,312.285400601071
2842,3,Female,0.5,0.508547627715608,1216.53333333333,335.456164193234
2842,4,Female,0.533333333333333,0.507416263404925,1327.5,310.970309408042
2842,5,Female,0.6,0.49827287912244,1344.33333333333,256.557985648469
2842,6,Female,0.633333333333333,0.490132517853561,1303.21052631579,223.27501202363
2842,7,Female,0.7,0.466091599699399,1234.57142857143,372.646692113129
2842,8,Female,0.566666666666667,0.504006932993731,1291.29411764706,277.018448100908
2842,9,Female,0.766666666666667,0.430183067152076,1144.13043478261,242.326658636985
2842,10,Female,0.766666666666667,0.430183067152076,1192.39130434783,321.076136415483
2846,1,Female,0.0666666666666667,0.253708131702462,1419.5,365.574205873445
2846,2,Female,0.366666666666667,0.490132517853561,1341.18181818182,253.028385040816
2846,3,Female,0.466666666666667,0.507416263404925,1210.14285714286,270.087694346415
2846,4,Female,0.433333333333333,0.504006932993731,1344.92307692308,396.069325063694
2846,5,Female,0.533333333333333,0.507416263404925,1057.4375,266.667575519285
2846,6,Female,0.733333333333333,0.449776445108804,1307.22727272727,359.467586699338
2846,7,Female,0.533333333333333,0.507416263404925,1152.0625,278.215616324222
2846,8,Female,0.633333333333333,0.490132517853561,1189.36842105263,326.797288599917
2846,9,Female,0.933333333333333,0.253708131702462,1269.85714285714,335.595072833397
2846,10,Female,0.966666666666667,0.182574185835055,1177.37931034483,300.544792691195
2859,1,Female,0.1,0.305128576629365,1359.0,67.4388612003495
2859,2,Female,0.166666666666667,0.379049021789452,1264.4,288.455022490509
2859,3,Female,0.1,0.305128576629365,1535.33333333333,165.590861261524
2859,4,Female,0.0666666666666667,0.253708131702462,1657.0,425.678282274302
2859,5,Female,0.2,0.406838102172486,1706.66666666667,209.839621298426
2859,6,Female,0.133333333333333,0.34574590364176,1531.75,306.87606075852
2859,7,Female,0.166666666666667,0.379049021789452,1534.2,167.369949513047
2859,8,Female,0.333333333333333,0.479463301485384,1330.1,352.319756912824
2859,9,Female,0.2,0.406838102172486,1352.66666666667,271.960781486351
2859,10,Female,0.333333333333333,0.479463301485384,1280.2,252.238335266029
2861,1,Male,0.266666666666667,0.449776445108804,1424.125,271.206003673539
2861,2,Male,0.333333333333333,0.479463301485384,1341.1,238.800916618379
2861,3,Male,0.266666666666667,0.449776445108804,1531.25,268.881147402661
2861,4,Male,0.533333333333333,0.507416263404925,1328.0,253.697194834051
2861,5,Male,0.466666666666667,0.507416263404925,1456.07142857143,283.441342265899
2861,6,Male,0.5,0.508547627715608,1412.73333333333,236.639106376496
2861,7,Male,0.666666666666667,0.479463301485384,1468.3,293.309985115442
2861,8,Male,0.633333333333333,0.490132517853561,1407.10526315789,285.425003719958
2861,9,Male,0.633333333333333,0.490132517853561,1351.73684210526,321.064348362557
2861,10,Male,0.7,0.466091599699399,1295.38095238095,241.256808440814
2874,1,Female,0.0,0.0,,
2874,2,Female,0.0,0.0,,
2874,3,Female,0.0,0.0,,
2874,4,Female,0.0333333333333333,0.182574185835055,1846.0,
2874,5,Female,0.3,0.466091599699399,1062.44444444444,377.646035035161
2874,6,Female,0.233333333333333,0.430183067152076,1160.57142857143,337.498077595936
2874,7,Female,0.5,0.508547627715608,1126.2,267.250337431298
2874,8,Female,0.366666666666667,0.490132517853561,983.454545454545,372.985888107409
2874,9,Female,0.433333333333333,0.504006932993731,1240.61538461538,333.47377169765
2874,10,Female,0.6,0.49827287912244,1168.38888888889,368.23763728921
